Trade number,Type,Date and time,Signal,Price USD,Size (qty),Size (value),Net PnL USD,Return %,Commission USD,Favorable excursion USD,Favorable excursion %,Adverse excursion USD,Adverse excursion %,Cumulative PnL USD,Cumulative PnL %,Duration (bars)
1,Exit long,2025-08-20 02:02,HAL-Lx,24364,4,194782,126,0.06,4,128,0.07,-50,-0.03,126,0.42,18
1,Entry long,2025-08-20 01:44,HAL-L,24347.75,4,194782,126,0.06,4,128,0.07,-50,-0.03,126,0.42,18
2,Exit short,2025-08-20 15:30,EOD flat,24315.75,2,96602,-663,-0.69,2,11,0.01,-801,-0.83,-538,-1.79,253
2,Entry short,2025-08-20 11:17,IBS,24150.5,2,96602,-663,-0.69,2,11,0.01,-801,-0.83,-538,-1.79,253
3,Exit short,2025-08-20 15:30,EOD flat,24315.75,2,96971,-294,-0.30,2,380,0.39,-432,-0.45,-831,-2.77,238
3,Entry short,2025-08-20 11:32,IBS2,24242.75,2,96971,-294,-0.30,2,380,0.39,-432,-0.45,-831,-2.77,238
4,Exit short,2025-08-22 02:25,HAL-Sx,24163.25,4,193474,164,0.08,4,166,0.09,-130,-0.07,-667,-2.22,56
4,Entry short,2025-08-22 01:29,HAL-S,24184.25,4,193474,164,0.08,4,166,0.09,-130,-0.07,-667,-2.22,56
5,Exit long,2025-08-22 09:50,ORLx,24331,1,48579,82,0.17,1,82.5,0.17,-1.5,0.00,-585,-1.95,4
5,Entry long,2025-08-22 09:46,ORL,24289.5,1,48579,82,0.17,1,82.5,0.17,-1.5,0.00,-585,-1.95,4
6,Exit long,2025-08-22 15:30,EOD flat,24573.75,2,98086,207,0.21,2,394,0.40,-79,-0.08,-378,-1.26,194
6,Entry long,2025-08-22 12:16,IBL,24521.5,2,98086,207,0.21,2,394,0.40,-79,-0.08,-378,-1.26,194
7,Exit long,2025-08-26 02:20,HAL-Lx,24450.25,4,195810,-212,-0.11,4,22,0.01,-210,-0.11,-590,-1.97,36
7,Entry long,2025-08-26 01:44,HAL-L,24476.25,4,195810,-212,-0.11,4,22,0.01,-210,-0.11,-590,-1.97,36
8,Exit short,2025-08-26 03:12,HAL-RSx,24412,4,195546,246,0.13,4,248,0.13,-136,-0.07,-344,-1.15,28
8,Entry short,2025-08-26 02:44,HAL-RS,24443.25,4,195546,246,0.13,4,248,0.13,-136,-0.07,-344,-1.15,28
9,Exit long,2025-08-26 15:30,EOD flat,24562,2,98050,196,0.20,2,245,0.25,-155,-0.16,-149,-0.50,289
9,Entry long,2025-08-26 10:41,IBL,24512.5,2,98050,196,0.20,2,245,0.25,-155,-0.16,-149,-0.50,289
10,Exit long,2025-08-26 15:30,EOD flat,24562,2,97929,317,0.32,2,366,0.37,-34,-0.03,169,0.56,96
10,Entry long,2025-08-26 13:54,IBL2,24482.25,2,97929,317,0.32,2,366,0.37,-34,-0.03,169,0.56,96
11,Exit short,2025-08-27 08:08,HAL-Sx,24612.5,4,196616,-288,-0.15,4,114,0.06,-286,-0.15,-119,-0.40,279
11,Entry short,2025-08-27 03:29,HAL-S,24577,4,196616,-288,-0.15,4,114,0.06,-286,-0.15,-119,-0.40,279
12,Exit long,2025-08-27 14:14,IBLx,24637.25,2,98288,259,0.26,2,260,0.26,-141,-0.14,139,0.46,154
12,Entry long,2025-08-27 11:40,IBL,24572,2,98288,259,0.26,2,260,0.26,-141,-0.14,139,0.46,154
13,Exit long,2025-08-27 14:14,IBL2x,24637.25,2,98170,377,0.38,2,378,0.39,-23,-0.02,517,1.72,107
13,Entry long,2025-08-27 12:27,IBL2,24542.5,2,98170,377,0.38,2,378,0.39,-23,-0.02,517,1.72,107
14,Exit long,2025-08-27 15:11,HAL-RLx,24592.75,4,197158,-420,-0.21,4,8,0.00,-418,-0.21,97,0.32,42
14,Entry long,2025-08-27 14:29,HAL-RL,24644.75,4,197158,-420,-0.21,4,8,0.00,-418,-0.21,97,0.32,42
15,Exit short,2025-08-28 02:25,HAL-Sx,24562.5,4,196350,-154,-0.08,4,76,0.04,-152,-0.08,-57,-0.19,41
15,Entry short,2025-08-28 01:44,HAL-S,24543.75,4,196350,-154,-0.08,4,76,0.04,-152,-0.08,-57,-0.19,41
16,Exit long,2025-08-28 02:31,HAL-RLx,24592,4,196586,146,0.07,4,148,0.08,-14,-0.01,89,0.30,2
16,Entry long,2025-08-28 02:29,HAL-RL,24573.25,4,196586,146,0.07,4,148,0.08,-14,-0.01,89,0.30,2
17,Exit short,2025-08-29 02:06,HAL-Sx,24723.5,4,197696,-96,-0.05,4,20,0.01,-94,-0.05,-7,-0.02,37
17,Entry short,2025-08-29 01:29,HAL-S,24712,4,197696,-96,-0.05,4,20,0.01,-94,-0.05,-7,-0.02,37
18,Exit long,2025-08-29 02:40,HAL-RLx,24715.25,4,197822,-104,-0.05,4,10,0.01,-102,-0.05,-111,-0.37,11
18,Entry long,2025-08-29 02:29,HAL-RL,24727.75,4,197822,-104,-0.05,4,10,0.01,-102,-0.05,-111,-0.37,11
19,Exit long,2025-09-01 18:00,IBLx,24505.75,2,97908,113,0.12,2,114,0.12,-12,-0.01,2,0.01,111
19,Entry long,2025-09-01 11:09,IBL,24477,2,97908,113,0.12,2,114,0.12,-12,-0.01,2,0.01,111
20,Exit long,2025-09-02 03:13,HAL-Lx,24399.5,4,195542,-350,-0.18,4,34,0.02,-348,-0.18,-348,-1.16,14
20,Entry long,2025-09-02 02:59,HAL-L,24442.75,4,195542,-350,-0.18,4,34,0.02,-348,-0.18,-348,-1.16,14
21,Exit short,2025-09-02 03:47,HAL-RSx,24339,4,195090,374,0.19,4,376,0.19,-252,-0.13,26,0.09,33
21,Entry short,2025-09-02 03:14,HAL-RS,24386.25,4,195090,374,0.19,4,376,0.19,-252,-0.13,26,0.09,33
22,Exit long,2025-09-02 13:34,ORLx,24187.75,1,48268.5,106,0.22,1,106.5,0.22,-226,-0.47,131.5,0.44,163
22,Entry long,2025-09-02 10:51,ORL,24134.25,1,48268.5,106,0.22,1,106.5,0.22,-226,-0.47,131.5,0.44,163
23,Exit long,2025-09-02 13:34,ORL2x,24187.75,1,48192.5,182,0.38,1,182.5,0.38,-150,-0.31,314,1.05,136
23,Entry long,2025-09-02 11:18,ORL2,24096.25,1,48192.5,182,0.38,1,182.5,0.38,-150,-0.31,314,1.05,136
24,Exit long,2025-09-03 02:26,HAL-Lx,24343.5,4,194624,120,0.06,4,122,0.06,-50,-0.03,434,1.45,12
24,Entry long,2025-09-03 02:14,HAL-L,24328,4,194624,120,0.06,4,122,0.06,-50,-0.03,434,1.45,12
25,Exit long,2025-09-03 13:45,IBLx,24364.5,2,97663,-207,-0.21,2,172,0.18,-206,-0.21,227,0.76,136
25,Entry long,2025-09-03 11:29,IBL,24415.75,2,97663,-207,-0.21,2,172,0.18,-206,-0.21,227,0.76,136
26,Exit short,2025-09-04 03:00,HAL-Sx,24445.75,4,195726,156,0.08,4,158,0.08,-108,-0.06,383,1.28,91
26,Entry short,2025-09-04 01:29,HAL-S,24465.75,4,195726,156,0.08,4,158,0.08,-108,-0.06,383,1.28,91
27,Exit long,2025-09-05 01:36,HAL-Lx,24759.25,4,197986,84,0.04,4,86,0.04,-4,0.00,467,1.56,7
27,Entry long,2025-09-05 01:29,HAL-L,24748.25,4,197986,84,0.04,4,86,0.04,-4,0.00,467,1.56,7
28,Exit long,2025-09-08 13:52,IBLx,24766,2,99380,-318,-0.32,2,138,0.14,-317,-0.32,148,0.49,154
28,Entry long,2025-09-08 11:18,IBL,24845,2,99380,-318,-0.32,2,138,0.14,-317,-0.32,148,0.49,154
29,Exit long,2025-09-08 13:52,IBL2x,24766,2,99275,-213,-0.21,2,54,0.05,-212,-0.21,-64,-0.21,86
29,Entry long,2025-09-08 12:26,IBL2,24818.75,2,99275,-213,-0.21,2,54,0.05,-212,-0.21,-64,-0.21,86
30,Exit short,2025-09-09 01:55,HAL-Sx,24832.5,4,198506,-158,-0.08,4,0,0.00,-156,-0.08,-222,-0.74,26
30,Entry short,2025-09-09 01:29,HAL-S,24813.25,4,198506,-158,-0.08,4,0,0.00,-156,-0.08,-222,-0.74,26
31,Exit long,2025-09-09 03:33,HAL-RLx,24865.75,4,198774,148,0.07,4,150,0.08,-86,-0.04,-74,-0.25,79
31,Entry long,2025-09-09 02:14,HAL-RL,24846.75,4,198774,148,0.07,4,150,0.08,-86,-0.04,-74,-0.25,79
32,Exit short,2025-09-09 15:23,IBSx,24853,2,99258,-156,-0.16,2,95,0.10,-155,-0.16,-230,-0.77,190
32,Entry short,2025-09-09 12:13,IBS,24814.5,2,99258,-156,-0.16,2,95,0.10,-155,-0.16,-230,-0.77,190
33,Exit long,2025-09-10 02:30,HAL-Lx,24935,4,199374,102,0.05,4,104,0.05,-44,-0.02,-128,-0.43,16
33,Entry long,2025-09-10 02:14,HAL-L,24921.75,4,199374,102,0.05,4,104,0.05,-44,-0.02,-128,-0.43,16
34,Exit long,2025-09-11 02:25,HAL-Lx,24899.75,4,199076,118,0.06,4,120,0.06,-92,-0.05,-10,-0.03,56
34,Entry long,2025-09-11 01:29,HAL-L,24884.5,4,199076,118,0.06,4,120,0.06,-92,-0.05,-10,-0.03,56
35,Exit long,2025-09-12 02:26,HAL-Lx,25012.75,4,200232,-134,-0.07,4,42,0.02,-132,-0.07,-144,-0.48,42
35,Entry long,2025-09-12 01:44,HAL-L,25029,4,200232,-134,-0.07,4,42,0.02,-132,-0.07,-144,-0.48,42
36,Exit short,2025-09-12 03:05,HAL-RSx,25023.25,4,200026,-164,-0.08,4,16,0.01,-162,-0.08,-308,-1.03,21
36,Entry short,2025-09-12 02:44,HAL-RS,25003.25,4,200026,-164,-0.08,4,16,0.01,-162,-0.08,-308,-1.03,21
37,Exit long,2025-09-15 02:56,HAL-Lx,25145,4,201078,78,0.04,4,80,0.04,-68,-0.03,-230,-0.77,72
37,Entry long,2025-09-15 01:44,HAL-L,25134.75,4,201078,78,0.04,4,80,0.04,-68,-0.03,-230,-0.77,72
38,Exit long,2025-09-15 12:13,IBLx,25288.75,2,100948,205,0.20,2,206,0.20,-7,-0.01,-25,-0.08,50
38,Entry long,2025-09-15 11:23,IBL,25237,2,100948,205,0.20,2,206,0.20,-7,-0.01,-25,-0.08,50
39,Exit long,2025-09-16 03:21,HAL-Lx,25363,4,202780,120,0.06,4,122,0.06,-104,-0.05,95,0.32,82
39,Entry long,2025-09-16 01:59,HAL-L,25347.5,4,202780,120,0.06,4,122,0.06,-104,-0.05,95,0.32,82
40,Exit short,2025-09-17 14:12,IBSx,25157.5,2,100861,229,0.23,2,230,0.23,-248,-0.25,323,1.08,12
40,Entry short,2025-09-17 14:00,IBS,25215.25,2,100861,229,0.23,2,230,0.23,-248,-0.25,323,1.08,12
41,Exit short,2025-09-17 14:12,IBS2x,25157.5,2,100965,333,0.33,2,334,0.33,-144,-0.14,657,2.19,12
41,Entry short,2025-09-17 14:00,IBS2,25241.25,2,100965,333,0.33,2,334,0.33,-144,-0.14,657,2.19,12
42,Exit short,2025-09-18 02:30,HAL-Sx,25338.75,4,202954,240,0.12,4,242,0.12,-56,-0.03,897,2.99,61
42,Entry short,2025-09-18 01:29,HAL-S,25369.25,4,202954,240,0.12,4,242,0.12,-56,-0.03,897,2.99,61
43,Exit long,2025-09-18 15:30,EOD flat,25479,2,101979,-65,-0.06,2,294,0.29,-104,-0.10,832,2.77,273
43,Entry long,2025-09-18 10:57,IBL,25494.75,2,101979,-65,-0.06,2,294,0.29,-104,-0.10,832,2.77,273
44,Exit long,2025-09-23 01:32,HAL-Lx,25762.25,4,206012,82,0.04,4,84,0.04,-6,0.00,914,3.05,3
44,Entry long,2025-09-23 01:29,HAL-L,25751.5,4,206012,82,0.04,4,84,0.04,-6,0.00,914,3.05,3
45,Exit long,2025-09-24 02:00,HAL-Lx,25617.75,4,204872,66,0.03,4,68,0.03,-78,-0.04,980,3.27,31
45,Entry long,2025-09-24 01:29,HAL-L,25609,4,204872,66,0.03,4,68,0.03,-78,-0.04,980,3.27,31
46,Exit short,2025-09-25 03:08,HAL-Sx,25465,4,203912,188,0.09,4,190,0.09,-60,-0.03,1168,3.89,39
46,Entry short,2025-09-25 02:29,HAL-S,25489,4,203912,188,0.09,4,190,0.09,-60,-0.03,1168,3.89,39
47,Exit long,2025-09-25 15:30,EOD flat,25374.75,2,101358,139,0.14,2,440,0.43,-534,-0.53,1306,4.35,263
47,Entry long,2025-09-25 11:07,IBL,25339.5,2,101358,139,0.14,2,440,0.43,-534,-0.53,1306,4.35,263
48,Exit long,2025-09-25 15:30,EOD flat,25374.75,2,101138,359,0.35,2,433,0.43,-314,-0.31,1666,5.55,94
48,Entry long,2025-09-25 13:56,IBL2,25284.5,2,101138,359,0.35,2,433,0.43,-314,-0.31,1666,5.55,94
49,Exit long,2025-09-26 10:11,ORLx,25349.25,1,50814.5,-117,-0.23,1,0,0.00,-116.5,-0.23,1549,5.16,5
49,Entry long,2025-09-26 10:06,ORL,25407.25,1,50814.5,-117,-0.23,1,0,0.00,-116.5,-0.23,1549,5.16,5
50,Exit long,2025-09-29 01:48,HAL-Lx,25575.25,4,204700,-102,-0.05,4,22,0.01,-100,-0.05,1447,4.82,19
50,Entry long,2025-09-29 01:29,HAL-L,25587.5,4,204700,-102,-0.05,4,22,0.01,-100,-0.05,1447,4.82,19
51,Exit long,2025-09-30 02:32,HAL-Lx,25605.75,4,204704,138,0.07,4,140,0.07,-90,-0.04,1585,5.28,63
51,Entry long,2025-09-30 01:29,HAL-L,25588,4,204704,138,0.07,4,140,0.07,-90,-0.04,1585,5.28,63
52,Exit short,2025-10-01 02:24,HAL-Sx,25502,4,204130,110,0.05,4,112,0.05,-84,-0.04,1695,5.65,55
52,Entry short,2025-10-01 01:29,HAL-S,25516.25,4,204130,110,0.05,4,112,0.05,-84,-0.04,1695,5.65,55
53,Exit short,2025-10-02 03:00,HAL-Sx,25806.75,4,206538,80,0.04,4,82,0.04,-76,-0.04,1775,5.92,46
53,Entry short,2025-10-02 02:14,HAL-S,25817.25,4,206538,80,0.04,4,82,0.04,-76,-0.04,1775,5.92,46
54,Exit short,2025-10-02 11:04,ORSx,25749,1,51644.5,145.5,0.28,1,146,0.28,-45,-0.09,1920.5,6.40,63
54,Entry short,2025-10-02 10:01,ORS,25822.25,1,51644.5,145.5,0.28,1,146,0.28,-45,-0.09,1920.5,6.40,63
55,Exit short,2025-10-02 15:30,EOD flat,25871.25,2,103378,-109,-0.11,2,61,0.06,-134,-0.13,1811.5,6.04,125
55,Entry short,2025-10-02 13:25,IBS,25844.5,2,103378,-109,-0.11,2,61,0.06,-134,-0.13,1811.5,6.04,125
56,Exit long,2025-10-03 01:59,HAL-Lx,25925.5,4,207518,-118,-0.06,4,40,0.02,-116,-0.06,1693.5,5.65,30
56,Entry long,2025-10-03 01:29,HAL-L,25939.75,4,207518,-118,-0.06,4,40,0.02,-116,-0.06,1693.5,5.65,30
57,Exit short,2025-10-03 02:03,HAL-RSx,25910.5,4,207388,100,0.05,4,102,0.05,-10,0.00,1793.5,5.98,4
57,Entry short,2025-10-03 01:59,HAL-RS,25923.5,4,207388,100,0.05,4,102,0.05,-10,0.00,1793.5,5.98,4
58,Exit short,2025-10-06 13:23,IBSx,25974.75,2,103584,-317,-0.31,2,47,0.05,-316,-0.31,1475.5,4.92,155
58,Entry short,2025-10-06 10:48,IBS,25896,2,103584,-317,-0.31,2,47,0.05,-316,-0.31,1475.5,4.92,155
59,Exit short,2025-10-06 13:23,IBS2x,25974.75,2,103689,-212,-0.20,2,62,0.06,-211,-0.20,1264.5,4.22,137
59,Entry short,2025-10-06 11:06,IBS2,25922.25,2,103689,-212,-0.20,2,62,0.06,-211,-0.20,1264.5,4.22,137
60,Exit long,2025-10-07 02:00,HAL-Lx,25921.5,4,207496,-128,-0.06,4,0,0.00,-126,-0.06,1136.5,3.79,16
60,Entry long,2025-10-07 01:44,HAL-L,25937,4,207496,-128,-0.06,4,0,0.00,-126,-0.06,1136.5,3.79,16
61,Exit short,2025-10-07 02:24,HAL-RSx,25905.25,4,207364,118,0.06,4,120,0.06,-20,-0.01,1254.5,4.18,10
61,Entry short,2025-10-07 02:14,HAL-RS,25920.5,4,207364,118,0.06,4,120,0.06,-20,-0.01,1254.5,4.18,10
62,Exit short,2025-10-08 02:05,HAL-Sx,25802.5,4,206564,140,0.07,4,142,0.07,-30,-0.01,1394.5,4.65,36
62,Entry short,2025-10-08 01:29,HAL-S,25820.5,4,206564,140,0.07,4,142,0.07,-30,-0.01,1394.5,4.65,36
63,Exit long,2025-10-09 02:50,HAL-Lx,26088.25,4,208880,-178,-0.09,4,84,0.04,-176,-0.08,1216.5,4.06,81
63,Entry long,2025-10-09 01:29,HAL-L,26110,4,208880,-178,-0.09,4,84,0.04,-176,-0.08,1216.5,4.06,81
64,Exit short,2025-10-09 04:15,HAL-RSx,26069.25,4,208690,132,0.06,4,134,0.06,-100,-0.05,1348.5,4.50,46
64,Entry short,2025-10-09 03:29,HAL-RS,26086.25,4,208690,132,0.06,4,134,0.06,-100,-0.05,1348.5,4.50,46
65,Exit short,2025-10-09 11:15,IBSx,26020.75,2,104082,-3,0.00,2,0,0.00,-2,0.00,1345.5,4.49,0
65,Entry short,2025-10-09 11:15,IBS,26020.5,2,104082,-3,0.00,2,0,0.00,-2,0.00,1345.5,4.49,0
66,Exit long,2025-10-10 01:41,HAL-Lx,26088.5,4,208560,144,0.07,4,146,0.07,-4,0.00,1489.5,4.97,12
66,Entry long,2025-10-10 01:29,HAL-L,26070,4,208560,144,0.07,4,146,0.07,-4,0.00,1489.5,4.97,12
67,Exit long,2025-10-13 02:11,HAL-Lx,25554.5,4,204634,-202,-0.10,4,142,0.07,-200,-0.10,1287.5,4.29,42
67,Entry long,2025-10-13 01:29,HAL-L,25579.25,4,204634,-202,-0.10,4,142,0.07,-200,-0.10,1287.5,4.29,42
68,Exit short,2025-10-14 06:30,HAL-Sx,25309.25,4,203444,966,0.47,4,968,0.48,-576,-0.28,2253.5,7.51,286
68,Entry short,2025-10-14 01:44,HAL-S,25430.5,4,203444,966,0.47,4,968,0.48,-576,-0.28,2253.5,7.51,286
69,Exit long,2025-10-15 05:03,HAL-Lx,25702,4,205220,392,0.19,4,394,0.19,-188,-0.09,2645.5,8.82,139
69,Entry long,2025-10-15 02:44,HAL-L,25652.5,4,205220,392,0.19,4,394,0.19,-188,-0.09,2645.5,8.82,139
70,Exit long,2025-10-16 01:30,HAL-Lx,25705.75,4,205512,130,0.06,4,132,0.06,-70,-0.03,2775.5,9.25,1
70,Entry long,2025-10-16 01:29,HAL-L,25689,4,205512,130,0.06,4,132,0.06,-70,-0.03,2775.5,9.25,1
71,Exit short,2025-10-17 03:05,HAL-Sx,25298,4,203010,622,0.31,4,624,0.31,-542,-0.27,3397.5,11.33,81
71,Entry short,2025-10-17 01:44,HAL-S,25376.25,4,203010,622,0.31,4,624,0.31,-542,-0.27,3397.5,11.33,81
72,Exit long,2025-10-17 15:11,IBLx,25800.25,2,102565,634,0.62,2,635,0.62,-240,-0.23,4031.5,13.44,137
72,Entry long,2025-10-17 12:54,IBL,25641.25,2,102565,634,0.62,2,635,0.62,-240,-0.23,4031.5,13.44,137
73,Exit long,2025-10-20 01:32,HAL-Lx,25859.5,4,206968,-96,-0.05,4,2,0.00,-94,-0.05,3935.5,13.12,3
73,Entry long,2025-10-20 01:29,HAL-L,25871,4,206968,-96,-0.05,4,2,0.00,-94,-0.05,3935.5,13.12,3
74,Exit short,2025-10-21 08:01,HAL-Sx,26066.75,4,208186,-352,-0.17,4,140,0.07,-350,-0.17,3583.5,11.95,347
74,Entry short,2025-10-21 02:14,HAL-S,26023.25,4,208186,-352,-0.17,4,140,0.07,-350,-0.17,3583.5,11.95,347
75,Exit short,2025-10-21 11:47,IBSx,26057.5,2,103930,-302,-0.29,2,0,0.00,-301,-0.29,3280.5,10.94,73
75,Entry short,2025-10-21 10:34,IBS,25982.5,2,103930,-302,-0.29,2,0,0.00,-301,-0.29,3280.5,10.94,73
76,Exit short,2025-10-21 11:47,IBS2x,26057.5,2,104030,-202,-0.19,2,95,0.09,-201,-0.19,3079.5,10.27,70
76,Entry short,2025-10-21 10:37,IBS2,26007.5,2,104030,-202,-0.19,2,95,0.09,-201,-0.19,3079.5,10.27,70
77,Exit long,2025-10-21 12:54,HAL-RLx,26043.5,4,208606,-262,-0.13,4,194,0.09,-260,-0.12,2817.5,9.39,55
77,Entry long,2025-10-21 11:59,HAL-RL,26075.75,4,208606,-262,-0.13,4,194,0.09,-260,-0.12,2817.5,9.39,55
78,Exit short,2025-10-22 01:44,HAL-Sx,26050.5,4,208510,102,0.05,4,104,0.05,-50,-0.02,2919.5,9.73,15
78,Entry short,2025-10-22 01:29,HAL-S,26063.75,4,208510,102,0.05,4,104,0.05,-50,-0.02,2919.5,9.73,15
79,Exit short,2025-10-22 11:22,IBSx,25817.25,2,103650,379,0.37,2,380,0.37,-129,-0.12,3298.5,11.00,25
79,Entry short,2025-10-22 10:57,IBS,25912.5,2,103650,379,0.37,2,380,0.37,-129,-0.12,3298.5,11.00,25
80,Exit long,2025-10-23 03:01,HAL-Lx,25868,4,206752,188,0.09,4,190,0.09,-130,-0.06,3486.5,11.62,62
80,Entry long,2025-10-23 01:59,HAL-L,25844,4,206752,188,0.09,4,190,0.09,-130,-0.06,3486.5,11.62,62
81,Exit long,2025-10-23 12:53,IBLx,25987,2,103549,397,0.38,2,398,0.38,-61,-0.06,3883.5,12.95,69
81,Entry long,2025-10-23 11:44,IBL,25887.25,2,103549,397,0.38,2,398,0.38,-61,-0.06,3883.5,12.95,69
82,Exit long,2025-10-24 02:04,HAL-Lx,26109.25,4,208768,102,0.05,4,104,0.05,-70,-0.03,3985.5,13.29,35
82,Entry long,2025-10-24 01:29,HAL-L,26096,4,208768,102,0.05,4,104,0.05,-70,-0.03,3985.5,13.29,35
83,Exit long,2025-10-27 02:25,HAL-Lx,26551.5,4,212270,138,0.07,4,140,0.07,-74,-0.03,4123.5,13.75,56
83,Entry long,2025-10-27 01:29,HAL-L,26533.75,4,212270,138,0.07,4,140,0.07,-74,-0.03,4123.5,13.75,56
84,Exit long,2025-10-27 11:28,IBLx,26653.75,2,106437,176,0.17,2,177,0.17,-27,-0.03,4299.5,14.33,30
84,Entry long,2025-10-27 10:58,IBL,26609.25,2,106437,176,0.17,2,177,0.17,-27,-0.03,4299.5,14.33,30
85,Exit long,2025-10-28 02:33,HAL-Lx,26737,4,213754,138,0.06,4,140,0.07,-4,0.00,4437.5,14.79,4
85,Entry long,2025-10-28 02:29,HAL-L,26719.25,4,213754,138,0.06,4,140,0.07,-4,0.00,4437.5,14.79,4
86,Exit short,2025-10-28 12:27,IBSx,26847,2,107257,-133,-0.12,2,0,0.00,-132,-0.12,4304.5,14.35,27
86,Entry short,2025-10-28 12:00,IBS,26814.25,2,107257,-133,-0.12,2,0,0.00,-132,-0.12,4304.5,14.35,27
87,Exit long,2025-10-29 02:09,HAL-Lx,27021.25,4,216082,84,0.04,4,86,0.04,-64,-0.03,4388.5,14.63,40
87,Entry long,2025-10-29 01:29,HAL-L,27010.25,4,216082,84,0.04,4,86,0.04,-64,-0.03,4388.5,14.63,40
88,Exit long,2025-10-30 03:04,HAL-Lx,26945.5,4,216344,-784,-0.36,4,302,0.14,-782,-0.36,3604.5,12.02,95
88,Entry long,2025-10-30 01:29,HAL-L,27043,4,216344,-784,-0.36,4,302,0.14,-782,-0.36,3604.5,12.02,95
89,Exit short,2025-10-30 09:30,HAL-RSx,26825,4,215308,704,0.33,4,706,0.33,-122,-0.06,4308.5,14.36,61
89,Entry short,2025-10-30 08:29,HAL-RS,26913.5,4,215308,704,0.33,4,706,0.33,-122,-0.06,4308.5,14.36,61
90,Exit short,2025-10-31 01:53,HAL-Sx,26915.25,4,215442,116,0.05,4,118,0.05,-54,-0.03,4424.5,14.75,24
90,Entry short,2025-10-31 01:29,HAL-S,26930.25,4,215442,116,0.05,4,118,0.05,-54,-0.03,4424.5,14.75,24
91,Exit short,2025-11-03 15:30,EOD flat,26845,2,107379,-3,0.00,2,194,0.18,-297,-0.28,4420.5,14.74,286
91,Entry short,2025-11-03 10:44,IBS,26844.75,2,107379,-3,0.00,2,194,0.18,-297,-0.28,4420.5,14.74,286
92,Exit short,2025-11-03 15:30,EOD flat,26845,2,107611,229,0.21,2,335,0.31,-65,-0.06,4650.5,15.50,163
92,Entry short,2025-11-03 12:47,IBS2,26902.75,2,107611,229,0.21,2,335,0.31,-65,-0.06,4650.5,15.50,163
93,Exit short,2025-11-04 00:48,HAL-Sx,26574.25,4,212992,394,0.18,4,396,0.19,-124,-0.06,5044.5,16.81,19
93,Entry short,2025-11-04 00:29,HAL-S,26624,4,212992,394,0.18,4,396,0.19,-124,-0.06,5044.5,16.81,19
94,Exit long,2025-11-04 11:39,ORLx,26546.75,1,53010,82.5,0.16,1,83,0.16,-29.5,-0.06,5127,17.09,19
94,Entry long,2025-11-04 11:20,ORL,26505,1,53010,82.5,0.16,1,83,0.16,-29.5,-0.06,5127,17.09,19
95,Exit long,2025-11-05 03:00,HAL-Lx,26214.5,4,210340,-628,-0.30,4,82,0.04,-626,-0.30,4499,15.00,91
95,Entry long,2025-11-05 01:29,HAL-L,26292.5,4,210340,-628,-0.30,4,82,0.04,-626,-0.30,4499,15.00,91
96,Exit short,2025-11-05 07:40,HAL-RSx,26281.25,4,209328,-926,-0.44,4,74,0.04,-924,-0.44,3573,11.91,101
96,Entry short,2025-11-05 05:59,HAL-RS,26166,4,209328,-926,-0.44,4,74,0.04,-924,-0.44,3573,11.91,101
97,Exit long,2025-11-05 11:56,IBLx,26540,2,105652,506,0.48,2,507,0.48,-9,-0.01,4079,13.60,39
97,Entry long,2025-11-05 11:17,IBL,26413,2,105652,506,0.48,2,507,0.48,-9,-0.01,4079,13.60,39
98,Exit short,2025-11-06 02:34,HAL-Sx,26417.75,4,211636,290,0.14,4,292,0.14,-108,-0.05,4369,14.56,110
98,Entry short,2025-11-06 00:44,HAL-S,26454.5,4,211636,290,0.14,4,292,0.14,-108,-0.05,4369,14.56,110
99,Exit long,2025-11-07 04:42,HAL-Lx,25999.75,4,208538,-544,-0.26,4,320,0.15,-542,-0.26,3825,12.75,238
99,Entry long,2025-11-07 00:44,HAL-L,26067.25,4,208538,-544,-0.26,4,320,0.15,-542,-0.26,3825,12.75,238
100,Exit short,2025-11-07 06:14,HAL-RSx,25894.25,4,207784,626,0.30,4,628,0.30,-220,-0.11,4451,14.84,60
100,Entry short,2025-11-07 05:14,HAL-RS,25973,4,207784,626,0.30,4,628,0.30,-220,-0.11,4451,14.84,60
101,Exit short,2025-11-07 10:45,ORSx,25612,1,51534.5,309.5,0.60,1,310,0.60,-61.5,-0.12,4760.5,15.87,34
101,Entry short,2025-11-07 10:11,ORS,25767.25,1,51534.5,309.5,0.60,1,310,0.60,-61.5,-0.12,4760.5,15.87,34
102,Exit long,2025-11-10 01:59,HAL-Lx,26218.75,4,209954,-208,-0.10,4,88,0.04,-206,-0.10,4552.5,15.18,90
102,Entry long,2025-11-10 00:29,HAL-L,26244.25,4,209954,-208,-0.10,4,88,0.04,-206,-0.10,4552.5,15.18,90
103,Exit long,2025-11-10 09:58,ORLx,26404.25,1,52727,80.5,0.15,1,81,0.15,-45,-0.09,4633,15.44,8
103,Entry long,2025-11-10 09:50,ORL,26363.5,1,52727,80.5,0.15,1,81,0.15,-45,-0.09,4633,15.44,8
104,Exit short,2025-11-11 01:30,HAL-Sx,26449.75,4,211288,-314,-0.15,4,48,0.02,-312,-0.15,4319,14.40,46
104,Entry short,2025-11-11 00:44,HAL-S,26411,4,211288,-314,-0.15,4,48,0.02,-312,-0.15,4319,14.40,46
105,Exit short,2025-11-11 11:30,IBSx,26251.75,2,105256,247,0.23,2,248,0.24,-122,-0.12,4565,15.22,10
105,Entry short,2025-11-11 11:20,IBS,26314,2,105256,247,0.23,2,248,0.24,-122,-0.12,4565,15.22,10
106,Exit short,2025-11-11 11:30,IBS2x,26251.75,2,105369,360,0.34,2,361,0.34,-9,-0.01,4926,16.42,7
106,Entry short,2025-11-11 11:23,IBS2,26342.25,2,105369,360,0.34,2,361,0.34,-9,-0.01,4926,16.42,7
107,Exit long,2025-11-12 02:00,HAL-Lx,26529.75,4,211990,244,0.12,4,246,0.12,-48,-0.02,5170,17.23,76
107,Entry long,2025-11-12 00:44,HAL-L,26498.75,4,211990,244,0.12,4,246,0.12,-48,-0.02,5170,17.23,76
108,Exit short,2025-11-12 15:30,EOD flat,26357,2,105476,46,0.04,2,288,0.27,-85,-0.08,5216,17.39,171
108,Entry short,2025-11-12 12:39,IBS,26369,2,105476,46,0.04,2,288,0.27,-85,-0.08,5216,17.39,171
109,Exit long,2025-11-14 00:45,HAL-Lx,25870,4,206494,462,0.22,4,464,0.22,-112,-0.05,5678,18.93,16
109,Entry long,2025-11-14 00:29,HAL-L,25811.75,4,206494,462,0.22,4,464,0.22,-112,-0.05,5678,18.93,16
110,Exit long,2025-11-17 11:16,ORLx,25707.75,1,51782,-367.5,-0.71,1,41,0.08,-367,-0.71,5310,17.70,73
110,Entry long,2025-11-17 10:03,ORL,25891,1,51782,-367.5,-0.71,1,41,0.08,-367,-0.71,5310,17.70,73
111,Exit long,2025-11-17 11:16,ORL2x,25707.75,1,51660,-245.5,-0.48,1,158.5,0.31,-245,-0.47,5065,16.88,68
111,Entry long,2025-11-17 10:08,ORL2,25830,1,51660,-245.5,-0.48,1,158.5,0.31,-245,-0.47,5065,16.88,68
112,Exit short,2025-11-18 03:05,HAL-Sx,25516.75,4,203236,-902,-0.44,4,382,0.19,-900,-0.44,4163,13.88,81
112,Entry short,2025-11-18 01:44,HAL-S,25404.5,4,203236,-902,-0.44,4,382,0.19,-900,-0.44,4163,13.88,81
113,Exit long,2025-11-18 03:39,HAL-RLx,25601,4,204178,626,0.31,4,628,0.31,-54,-0.03,4789,15.96,10
113,Entry long,2025-11-18 03:29,HAL-RL,25522.25,4,204178,626,0.31,4,628,0.31,-54,-0.03,4789,15.96,10
114,Exit short,2025-11-18 15:30,EOD flat,25453.75,2,101535,-282,-0.28,2,557,0.55,-718,-0.71,4507,15.02,244
114,Entry short,2025-11-18 11:26,IBS,25383.75,2,101535,-282,-0.28,2,557,0.55,-718,-0.71,4507,15.02,244
115,Exit long,2025-11-19 12:33,ORLx,25325.25,1,50929.5,-280,-0.55,1,89,0.17,-279.5,-0.55,4226.5,14.09,83
115,Entry long,2025-11-19 11:10,ORL,25464.75,1,50929.5,-280,-0.55,1,89,0.17,-279.5,-0.55,4226.5,14.09,83
116,Exit long,2025-11-19 12:33,ORL2x,25325.25,1,50836.5,-187,-0.37,1,119.5,0.24,-186.5,-0.37,4040,13.47,67
116,Entry long,2025-11-19 11:26,ORL2,25418.25,1,50836.5,-187,-0.37,1,119.5,0.24,-186.5,-0.37,4040,13.47,67
117,Exit short,2025-11-20 01:28,HAL-Sx,25885.25,4,207370,284,0.14,4,286,0.14,-138,-0.07,4324,14.41,29
117,Entry short,2025-11-20 00:59,HAL-S,25921.25,4,207370,284,0.14,4,286,0.14,-138,-0.07,4324,14.41,29
118,Exit long,2025-11-20 11:00,IBLx,25897.5,2,103901,-313,-0.30,2,53,0.05,-312,-0.30,4011,13.37,10
118,Entry long,2025-11-20 10:50,IBL,25975.25,2,103901,-313,-0.30,2,53,0.05,-312,-0.30,4011,13.37,10
119,Exit short,2025-11-21 02:48,HAL-Sx,24848.25,4,199218,428,0.21,4,430,0.22,-422,-0.21,4439,14.80,124
119,Entry short,2025-11-21 00:44,HAL-S,24902.25,4,199218,428,0.21,4,430,0.22,-422,-0.21,4439,14.80,124
120,Exit short,2025-11-21 09:54,ORSx,25033,1,49938.5,-128.5,-0.26,1,96,0.19,-128,-0.26,4310.5,14.37,6
120,Entry short,2025-11-21 09:48,ORS,24969.25,1,49938.5,-128.5,-0.26,1,96,0.19,-128,-0.26,4310.5,14.37,6
121,Exit short,2025-11-21 11:05,IBSx,24698.25,2,99391,596,0.60,2,597,0.60,-45,-0.05,4906.5,16.36,18
121,Entry short,2025-11-21 10:47,IBS,24847.75,2,99391,596,0.60,2,597,0.60,-45,-0.05,4906.5,16.36,18
122,Exit long,2025-11-24 04:23,HAL-Lx,25198,4,202092,-512,-0.25,4,434,0.21,-510,-0.25,4394.5,14.65,99
122,Entry long,2025-11-24 02:44,HAL-L,25261.5,4,202092,-512,-0.25,4,434,0.21,-510,-0.25,4394.5,14.65,99
123,Exit short,2025-11-25 02:05,HAL-Sx,25639.25,4,205364,246,0.12,4,248,0.12,-168,-0.08,4640.5,15.47,96
123,Entry short,2025-11-25 00:29,HAL-S,25670.5,4,205364,246,0.12,4,248,0.12,-168,-0.08,4640.5,15.47,96
124,Exit short,2025-11-25 10:04,ORSx,25423.5,1,51026,178,0.35,1,178.5,0.35,-131.5,-0.26,4818,16.06,9
124,Entry short,2025-11-25 09:55,ORS,25513,1,51026,178,0.35,1,178.5,0.35,-131.5,-0.26,4818,16.06,9
125,Exit short,2025-11-25 10:04,ORS2x,25423.5,1,51107,259,0.51,1,259.5,0.51,-50.5,-0.10,5077.5,16.93,6
125,Entry short,2025-11-25 09:58,ORS2,25553.5,1,51107,259,0.51,1,259.5,0.51,-50.5,-0.10,5077.5,16.93,6
126,Exit long,2025-11-26 02:28,HAL-Lx,25979.25,4,207608,222,0.11,4,224,0.11,-98,-0.05,5299.5,17.67,104
126,Entry long,2025-11-26 00:44,HAL-L,25951,4,207608,222,0.11,4,224,0.11,-98,-0.05,5299.5,17.67,104
127,Exit short,2025-11-27 01:50,HAL-Sx,26052.5,4,208552,128,0.06,4,130,0.06,-42,-0.02,5427.5,18.09,36
127,Entry short,2025-11-27 01:14,HAL-S,26069,4,208552,128,0.06,4,130,0.06,-42,-0.02,5427.5,18.09,36
128,Exit short,2025-11-27 18:00,IBSx,26071,2,104221,-65,-0.06,2,46,0.04,-64,-0.06,5362.5,17.88,93
128,Entry short,2025-11-27 11:27,IBS,26055.25,2,104221,-65,-0.06,2,46,0.04,-64,-0.06,5362.5,17.88,93
129,Exit short,2025-12-02 01:11,HAL-Sx,26101,4,208942,130,0.06,4,132,0.06,-98,-0.05,5492.5,18.31,27
129,Entry short,2025-12-02 00:44,HAL-S,26117.75,4,208942,130,0.06,4,132,0.06,-98,-0.05,5492.5,18.31,27
130,Exit long,2025-12-02 10:45,ORLx,26380,1,52660.5,98.5,0.19,1,99,0.19,-99.5,-0.19,5590.5,18.63,17
130,Entry long,2025-12-02 10:28,ORL,26330.25,1,52660.5,98.5,0.19,1,99,0.19,-99.5,-0.19,5590.5,18.63,17
131,Exit long,2025-12-02 10:45,ORL2x,26380,1,52589.5,169.5,0.32,1,170,0.32,-28.5,-0.05,5760.5,19.20,15
131,Entry long,2025-12-02 10:30,ORL2,26294.75,1,52589.5,169.5,0.32,1,170,0.32,-28.5,-0.05,5760.5,19.20,15
132,Exit long,2025-12-02 11:23,IBLx,26223.75,2,105262,-369,-0.35,2,0,0.00,-368,-0.35,5391.5,17.97,11
132,Entry long,2025-12-02 11:12,IBL,26315.5,2,105262,-369,-0.35,2,0,0.00,-368,-0.35,5391.5,17.97,11
133,Exit short,2025-12-03 02:22,HAL-Sx,26428,4,211222,-206,-0.10,4,96,0.05,-204,-0.10,5185.5,17.29,53
133,Entry short,2025-12-03 01:29,HAL-S,26402.75,4,211222,-206,-0.10,4,96,0.05,-204,-0.10,5185.5,17.29,53
134,Exit long,2025-12-03 08:17,HAL-RLx,26410.5,4,211428,-148,-0.07,4,18,0.01,-146,-0.07,5037.5,16.79,3
134,Entry long,2025-12-03 08:14,HAL-RL,26428.5,4,211428,-148,-0.07,4,18,0.01,-146,-0.07,5037.5,16.79,3
135,Exit short,2025-12-04 01:03,HAL-Sx,26401,4,211080,-132,-0.06,4,26,0.01,-130,-0.06,4905.5,16.35,34
135,Entry short,2025-12-04 00:29,HAL-S,26385,4,211080,-132,-0.06,4,26,0.01,-130,-0.06,4905.5,16.35,34
136,Exit long,2025-12-04 03:11,HAL-RLx,26386.5,4,211256,-168,-0.08,4,122,0.06,-166,-0.08,4737.5,15.79,102
136,Entry long,2025-12-04 01:29,HAL-RL,26407,4,211256,-168,-0.08,4,122,0.06,-166,-0.08,4737.5,15.79,102
137,Exit short,2025-12-04 14:21,ORSx,26254.25,1,52769.5,260,0.49,1,260.5,0.49,-45,-0.09,4997.5,16.66,220
137,Entry short,2025-12-04 10:41,ORS,26384.75,1,52769.5,260,0.49,1,260.5,0.49,-45,-0.09,4997.5,16.66,220
138,Exit long,2025-12-05 01:31,HAL-Lx,26463.75,4,211810,-104,-0.05,4,58,0.03,-102,-0.05,4893.5,16.31,32
138,Entry long,2025-12-05 00:59,HAL-L,26476.25,4,211810,-104,-0.05,4,58,0.03,-102,-0.05,4893.5,16.31,32
139,Exit short,2025-12-05 05:01,HAL-RSx,26474.25,4,211708,-90,-0.04,4,0,0.00,-88,-0.04,4803.5,16.01,17
139,Entry short,2025-12-05 04:44,HAL-RS,26463.5,4,211708,-90,-0.04,4,0,0.00,-88,-0.04,4803.5,16.01,17
140,Exit long,2025-12-08 01:02,HAL-Lx,26543,4,212430,-90,-0.04,4,26,0.01,-88,-0.04,4713.5,15.71,33
140,Entry long,2025-12-08 00:29,HAL-L,26553.75,4,212430,-90,-0.04,4,26,0.01,-88,-0.04,4713.5,15.71,33
141,Exit long,2025-12-09 11:02,IBLx,26455.75,2,105581,240,0.23,2,241,0.23,-29,-0.03,4953.5,16.51,15
141,Entry long,2025-12-09 10:47,IBL,26395.25,2,105581,240,0.23,2,241,0.23,-29,-0.03,4953.5,16.51,15
142,Exit long,2025-12-10 03:06,HAL-Lx,26490.25,4,211662,256,0.12,4,258,0.12,-62,-0.03,5209.5,17.36,112
142,Entry long,2025-12-10 01:14,HAL-L,26457.75,4,211662,256,0.12,4,258,0.12,-62,-0.03,5209.5,17.36,112
143,Exit short,2025-12-11 00:50,HAL-Sx,26265.25,4,209926,-200,-0.10,4,40,0.02,-198,-0.09,5009.5,16.70,21
143,Entry short,2025-12-11 00:29,HAL-S,26240.75,4,209926,-200,-0.10,4,40,0.02,-198,-0.09,5009.5,16.70,21
144,Exit long,2025-12-11 01:20,HAL-RLx,26243.25,4,210138,-196,-0.09,4,72,0.03,-194,-0.09,4813.5,16.05,21
144,Entry long,2025-12-11 00:59,HAL-RL,26267.25,4,210138,-196,-0.09,4,72,0.03,-194,-0.09,4813.5,16.05,21
145,Exit long,2025-12-12 02:38,HAL-Lx,26409.5,4,211586,-314,-0.15,4,70,0.03,-312,-0.15,4499.5,15.00,114
145,Entry long,2025-12-12 00:44,HAL-L,26448.25,4,211586,-314,-0.15,4,70,0.03,-312,-0.15,4499.5,15.00,114
146,Exit short,2025-12-12 04:28,HAL-RSx,26355.75,4,211126,276,0.13,4,278,0.13,-42,-0.02,4775.5,15.92,14
146,Entry short,2025-12-12 04:14,HAL-RS,26390.75,4,211126,276,0.13,4,278,0.13,-42,-0.02,4775.5,15.92,14
147,Exit short,2025-12-12 10:58,IBSx,25976,2,104577,671,0.64,2,672,0.64,-41,-0.04,5446.5,18.15,13
147,Entry short,2025-12-12 10:45,IBS,26144.25,2,104577,671,0.64,2,672,0.64,-41,-0.04,5446.5,18.15,13
148,Exit long,2025-12-15 01:01,HAL-Lx,26017.25,4,208234,-100,-0.05,4,48,0.02,-98,-0.05,5346.5,17.82,17
148,Entry long,2025-12-15 00:44,HAL-L,26029.25,4,208234,-100,-0.05,4,48,0.02,-98,-0.05,5346.5,17.82,17
149,Exit short,2025-12-16 02:37,HAL-Sx,25607.25,4,205104,242,0.12,4,244,0.12,-126,-0.06,5588.5,18.63,113
149,Entry short,2025-12-16 00:44,HAL-S,25638,4,205104,242,0.12,4,244,0.12,-126,-0.06,5588.5,18.63,113
150,Exit short,2025-12-16 15:30,EOD flat,25893.5,2,103197,-379,-0.37,2,269,0.26,-379,-0.37,5209.5,17.36,110
150,Entry short,2025-12-16 13:40,IBS,25799.25,2,103197,-379,-0.37,2,269,0.26,-379,-0.37,5209.5,17.36,110
151,Exit long,2025-12-17 01:14,HAL-Lx,25904,4,206834,394,0.19,4,396,0.19,-24,-0.01,5603.5,18.68,30
151,Entry long,2025-12-17 00:44,HAL-L,25854.25,4,206834,394,0.19,4,396,0.19,-24,-0.01,5603.5,18.68,30
152,Exit short,2025-12-17 10:35,ORSx,25758,1,51684,167,0.32,1,167.5,0.32,-29,-0.06,5770.5,19.24,38
152,Entry short,2025-12-17 09:57,ORS,25842,1,51684,167,0.32,1,167.5,0.32,-29,-0.06,5770.5,19.24,38
153,Exit short,2025-12-18 02:00,HAL-Sx,25502.25,4,203834,-188,-0.09,4,146,0.07,-186,-0.09,5582.5,18.61,91
153,Entry short,2025-12-18 00:29,HAL-S,25479.25,4,203834,-188,-0.09,4,146,0.07,-186,-0.09,5582.5,18.61,91
154,Exit long,2025-12-18 03:47,HAL-RLx,25566.25,4,204206,320,0.16,4,322,0.16,-86,-0.04,5902.5,19.68,93
154,Entry long,2025-12-18 02:14,HAL-RL,25525.75,4,204206,320,0.16,4,322,0.16,-86,-0.04,5902.5,19.68,93
155,Exit long,2025-12-18 13:32,IBLx,25898.25,2,103202,389,0.38,2,390,0.38,-436,-0.42,6290.5,20.97,85
155,Entry long,2025-12-18 12:07,IBL,25800.5,2,103202,389,0.38,2,390,0.38,-436,-0.42,6290.5,20.97,85
156,Exit long,2025-12-18 13:32,IBL2x,25898.25,2,103025,566,0.55,2,567,0.55,-259,-0.25,6857.5,22.86,82
156,Entry long,2025-12-18 12:10,IBL2,25756.25,2,103025,566,0.55,2,567,0.55,-259,-0.25,6857.5,22.86,82
157,Exit short,2025-12-19 02:00,HAL-Sx,25816,4,206254,-278,-0.13,4,62,0.03,-276,-0.13,6579.5,21.93,16
157,Entry short,2025-12-19 01:44,HAL-S,25781.75,4,206254,-278,-0.13,4,62,0.03,-276,-0.13,6579.5,21.93,16
158,Exit long,2025-12-19 07:58,HAL-RLx,25790.5,4,206950,-630,-0.30,4,252,0.12,-628,-0.30,5949.5,19.83,344
158,Entry long,2025-12-19 02:14,HAL-RL,25868.75,4,206950,-630,-0.30,4,252,0.12,-628,-0.30,5949.5,19.83,344
159,Exit long,2025-12-19 12:17,ORLx,26075,1,52015,134,0.26,1,134.5,0.26,-82,-0.16,6083.5,20.28,112
159,Entry long,2025-12-19 10:25,ORL,26007.5,1,52015,134,0.26,1,134.5,0.26,-82,-0.16,6083.5,20.28,112
160,Exit short,2025-12-22 15:30,EOD flat,26195,2,104836,54,0.05,2,118,0.11,-118,-0.11,6137.5,20.46,259
160,Entry short,2025-12-22 11:11,IBS,26209,2,104836,54,0.05,2,118,0.11,-118,-0.11,6137.5,20.46,259
161,Exit long,2025-12-24 00:41,HAL-Lx,26303.25,4,210356,66,0.03,4,68,0.03,-18,-0.01,6203.5,20.68,12
161,Entry long,2025-12-24 00:29,HAL-L,26294.5,4,210356,66,0.03,4,68,0.03,-18,-0.01,6203.5,20.68,12
162,Exit short,2025-12-26 02:11,HAL-Sx,26374,4,211062,66,0.03,4,68,0.03,-44,-0.02,6269.5,20.90,72
162,Entry short,2025-12-26 00:59,HAL-S,26382.75,4,211062,66,0.03,4,68,0.03,-44,-0.02,6269.5,20.90,72
163,Exit short,2025-12-31 00:51,HAL-Sx,26108,4,208952,84,0.04,4,86,0.04,-10,0.00,6353.5,21.18,7
163,Entry short,2025-12-31 00:44,HAL-S,26119,4,208952,84,0.04,4,86,0.04,-10,0.00,6353.5,21.18,7
164,Exit long,2026-01-02 01:40,HAL-Lx,26154.5,4,209104,128,0.06,4,130,0.06,-80,-0.04,6481.5,21.61,71
164,Entry long,2026-01-02 00:29,HAL-L,26138,4,209104,128,0.06,4,130,0.06,-80,-0.04,6481.5,21.61,71
165,Exit long,2026-01-05 01:31,HAL-Lx,25975.75,4,208018,-216,-0.10,4,72,0.03,-214,-0.10,6265.5,20.89,32
165,Entry long,2026-01-05 00:59,HAL-L,26002.25,4,208018,-216,-0.10,4,72,0.03,-214,-0.10,6265.5,20.89,32
166,Exit long,2026-01-05 15:30,EOD flat,26109,2,104618,-184,-0.18,2,241,0.23,-397,-0.38,6080.5,20.27,288
166,Entry long,2026-01-05 10:42,IBL,26154.5,2,104618,-184,-0.18,2,241,0.23,-397,-0.38,6080.5,20.27,288
167,Exit long,2026-01-05 15:30,EOD flat,26109,2,104473,-39,-0.04,2,95,0.09,-252,-0.24,6042.5,20.14,179
167,Entry long,2026-01-05 12:31,IBL2,26118.25,2,104473,-39,-0.04,2,95,0.09,-252,-0.24,6042.5,20.14,179
168,Exit long,2026-01-07 01:37,HAL-Lx,26281.75,4,210436,-186,-0.09,4,16,0.01,-184,-0.09,5856.5,19.52,23
168,Entry long,2026-01-07 01:14,HAL-L,26304.5,4,210436,-186,-0.09,4,16,0.01,-184,-0.09,5856.5,19.52,23
169,Exit short,2026-01-07 03:22,HAL-RSx,26295.5,4,210224,-144,-0.07,4,92,0.04,-142,-0.07,5712.5,19.04,98
169,Entry short,2026-01-07 01:44,HAL-RS,26278,4,210224,-144,-0.07,4,92,0.04,-142,-0.07,5712.5,19.04,98
170,Exit long,2026-01-07 11:00,IBLx,26420,2,105438,240,0.23,2,241,0.23,-175,-0.17,5951.5,19.84,22
170,Entry long,2026-01-07 10:38,IBL,26359.5,2,105438,240,0.23,2,241,0.23,-175,-0.17,5951.5,19.84,22
171,Exit long,2026-01-07 11:00,IBL2x,26420,2,105329,349,0.33,2,350,0.33,-66,-0.06,6301.5,21.01,21
171,Entry long,2026-01-07 10:39,IBL2,26332.25,2,105329,349,0.33,2,350,0.33,-66,-0.06,6301.5,21.01,21
172,Exit short,2026-01-08 01:02,HAL-Sx,26220.25,4,210030,264,0.13,4,266,0.13,-50,-0.02,6565.5,21.89,18
172,Entry short,2026-01-08 00:44,HAL-S,26253.75,4,210030,264,0.13,4,266,0.13,-50,-0.02,6565.5,21.89,18
173,Exit short,2026-01-08 15:30,EOD flat,26189.25,1,52335.5,-44,-0.08,1,153.5,0.29,-106,-0.20,6521,21.74,322
173,Entry short,2026-01-08 10:08,ORS,26167.75,1,52335.5,-44,-0.08,1,153.5,0.29,-106,-0.20,6521,21.74,322
174,Exit short,2026-01-08 15:30,EOD flat,26189.25,1,52430,50.5,0.10,1,248,0.47,-11.5,-0.02,6572,21.91,302
174,Entry short,2026-01-08 10:28,ORS2,26215,1,52430,50.5,0.10,1,248,0.47,-11.5,-0.02,6572,21.91,302
175,Exit long,2026-01-09 12:57,IBLx,26441.25,2,105226,537,0.51,2,538,0.51,-155,-0.15,7109,23.70,135
175,Entry long,2026-01-09 10:42,IBL,26306.5,2,105226,537,0.51,2,538,0.51,-155,-0.15,7109,23.70,135
176,Exit short,2026-01-13 15:30,EOD flat,26332,2,105507,177,0.17,2,198,0.19,-626,-0.59,7285,24.28,276
176,Entry short,2026-01-13 10:54,IBS,26376.75,2,105507,177,0.17,2,198,0.19,-626,-0.59,7285,24.28,276
177,Exit short,2026-01-13 15:30,EOD flat,26332,2,105738,408,0.39,2,429,0.41,-395,-0.37,7694,25.65,239
177,Entry short,2026-01-13 11:31,IBS2,26434.5,2,105738,408,0.39,2,429,0.41,-395,-0.37,7694,25.65,239
178,Exit short,2026-01-14 10:00,ORSx,26080,1,52345,184,0.35,1,184.5,0.35,-18,-0.03,7878,26.26,11
178,Entry short,2026-01-14 09:49,ORS,26172.5,1,52345,184,0.35,1,184.5,0.35,-18,-0.03,7878,26.26,11
179,Exit long,2026-01-15 01:16,HAL-Lx,26199.75,4,209158,436,0.21,4,438,0.21,-216,-0.10,8314,27.71,32
179,Entry long,2026-01-15 00:44,HAL-L,26144.75,4,209158,436,0.21,4,438,0.21,-216,-0.10,8314,27.71,32
180,Exit short,2026-01-15 14:26,IBSx,26309,2,105494,256,0.24,2,257,0.24,-294,-0.28,8569,28.56,209
180,Entry short,2026-01-15 10:57,IBS,26373.5,2,105494,256,0.24,2,257,0.24,-294,-0.28,8569,28.56,209
181,Exit short,2026-01-15 14:26,IBS2x,26309,2,105611,373,0.35,2,374,0.35,-177,-0.17,8943,29.81,205
181,Entry short,2026-01-15 11:01,IBS2,26402.75,2,105611,373,0.35,2,374,0.35,-177,-0.17,8943,29.81,205
182,Exit long,2026-01-16 02:49,HAL-Lx,26340.25,4,210606,112,0.05,4,114,0.05,-126,-0.06,9055,30.18,140
182,Entry long,2026-01-16 00:29,HAL-L,26325.75,4,210606,112,0.05,4,114,0.05,-126,-0.06,9055,30.18,140
183,Exit short,2026-01-16 15:30,EOD flat,26216,2,104908,42,0.04,2,263,0.25,-134,-0.13,9097,30.32,240
183,Entry short,2026-01-16 11:30,IBS,26227,2,104908,42,0.04,2,263,0.25,-134,-0.13,9097,30.32,240
184,Exit long,2026-01-19 02:04,HAL-Lx,25880.75,4,207376,-334,-0.16,4,32,0.02,-332,-0.16,8763,29.21,95
184,Entry long,2026-01-19 00:29,HAL-L,25922,4,207376,-334,-0.16,4,32,0.02,-332,-0.16,8763,29.21,95
185,Exit long,2026-01-20 01:07,HAL-Lx,25873.75,4,207316,-330,-0.16,4,36,0.02,-328,-0.16,8433,28.11,38
185,Entry long,2026-01-20 00:29,HAL-L,25914.5,4,207316,-330,-0.16,4,36,0.02,-328,-0.16,8433,28.11,38
186,Exit short,2026-01-20 01:25,HAL-RSx,25819.75,4,206876,314,0.15,4,316,0.15,-6,0.00,8747,29.16,11
186,Entry short,2026-01-20 01:14,HAL-RS,25859.5,4,206876,314,0.15,4,316,0.15,-6,0.00,8747,29.16,11
187,Exit long,2026-01-20 10:31,ORLx,25876.75,1,51666,86.5,0.17,1,87,0.17,-144.5,-0.28,8833,29.44,37
187,Entry long,2026-01-20 09:54,ORL,25833,1,51666,86.5,0.17,1,87,0.17,-144.5,-0.28,8833,29.44,37
188,Exit long,2026-01-20 10:31,ORL2x,25876.75,1,51603.5,149,0.29,1,149.5,0.29,-82,-0.16,8982.5,29.94,30
188,Entry long,2026-01-20 10:01,ORL2,25801.75,1,51603.5,149,0.29,1,149.5,0.29,-82,-0.16,8982.5,29.94,30
189,Exit long,2026-01-20 11:10,IBLx,25917,2,103367,299,0.29,2,300,0.29,-87,-0.08,9281.5,30.94,19
189,Entry long,2026-01-20 10:51,IBL,25841.75,2,103367,299,0.29,2,300,0.29,-87,-0.08,9281.5,30.94,19
190,Exit long,2026-01-21 04:24,HAL-Lx,25692,4,205852,-320,-0.16,4,176,0.09,-318,-0.15,8961.5,29.87,220
190,Entry long,2026-01-21 00:44,HAL-L,25731.5,4,205852,-320,-0.16,4,176,0.09,-318,-0.15,8961.5,29.87,220
191,Exit short,2026-01-21 04:58,HAL-RSx,25638,4,205458,350,0.17,4,352,0.17,-12,-0.01,9311.5,31.04,14
191,Entry short,2026-01-21 04:44,HAL-RS,25682.25,4,205458,350,0.17,4,352,0.17,-12,-0.01,9311.5,31.04,14
192,Exit long,2026-01-21 14:30,IBLx,25972,2,103318,568,0.55,2,569,0.55,-720,-0.70,9878.5,32.93,169
192,Entry long,2026-01-21 11:41,IBL,25829.5,2,103318,568,0.55,2,569,0.55,-720,-0.70,9878.5,32.93,169
193,Exit long,2026-01-21 14:30,IBL2x,25972,2,103059,827,0.80,2,828,0.80,-461,-0.45,10706.5,35.69,159
193,Entry long,2026-01-21 11:51,IBL2,25764.75,2,103059,827,0.80,2,828,0.80,-461,-0.45,10706.5,35.69,159
194,Exit short,2026-01-22 01:10,HAL-Sx,26020.25,4,208404,238,0.11,4,240,0.12,-64,-0.03,10944.5,36.48,26
194,Entry short,2026-01-22 00:44,HAL-S,26050.5,4,208404,238,0.11,4,240,0.12,-64,-0.03,10944.5,36.48,26
195,Exit short,2026-01-22 15:30,EOD flat,26117.75,1,52358.5,122,0.23,1,141,0.27,-98.5,-0.19,11066.5,36.89,249
195,Entry short,2026-01-22 11:21,ORS,26179.25,1,52358.5,122,0.23,1,141,0.27,-98.5,-0.19,11066.5,36.89,249
196,Exit long,2026-01-23 15:30,EOD flat,26212.75,2,104884,-35,-0.03,2,243,0.23,-126,-0.12,11031.5,36.77,164
196,Entry long,2026-01-23 12:46,IBL,26221,2,104884,-35,-0.03,2,243,0.23,-126,-0.12,11031.5,36.77,164
197,Exit long,2026-01-26 01:18,HAL-Lx,26204,4,209366,262,0.13,4,264,0.13,-56,-0.03,11293.5,37.65,49
197,Entry long,2026-01-26 00:29,HAL-L,26170.75,4,209366,262,0.13,4,264,0.13,-56,-0.03,11293.5,37.65,49
198,Exit long,2026-01-27 01:03,HAL-Lx,26524.5,4,212024,168,0.08,4,170,0.08,-18,-0.01,11461.5,38.21,19
198,Entry long,2026-01-27 00:44,HAL-L,26503,4,212024,168,0.08,4,170,0.08,-18,-0.01,11461.5,38.21,19
199,Exit long,2026-01-27 15:30,EOD flat,26595.75,2,106177,204,0.19,2,308,0.29,-3,0.00,11665.5,38.89,148
199,Entry long,2026-01-27 13:02,IBL,26544.25,2,106177,204,0.19,2,308,0.29,-3,0.00,11665.5,38.89,148
200,Exit long,2026-01-28 00:49,HAL-Lx,26750,4,213912,84,0.04,4,86,0.04,-10,0.00,11749.5,39.17,20
200,Entry long,2026-01-28 00:29,HAL-L,26739,4,213912,84,0.04,4,86,0.04,-10,0.00,11749.5,39.17,20
201,Exit long,2026-01-29 04:58,HAL-Lx,26717.5,4,214052,-316,-0.15,4,248,0.12,-314,-0.15,11433.5,38.11,254
201,Entry long,2026-01-29 00:44,HAL-L,26756.5,4,214052,-316,-0.15,4,248,0.12,-314,-0.15,11433.5,38.11,254
202,Exit short,2026-01-29 05:26,HAL-RSx,26739,4,213688,-228,-0.11,4,0,0.00,-226,-0.11,11205.5,37.35,12
202,Entry short,2026-01-29 05:14,HAL-RS,26711,4,213688,-228,-0.11,4,0,0.00,-226,-0.11,11205.5,37.35,12
203,Exit short,2026-01-29 09:59,ORSx,26383.5,1,53022,254,0.48,1,254.5,0.48,-8.5,-0.02,11459.5,38.20,11
203,Entry short,2026-01-29 09:48,ORS,26511,1,53022,254,0.48,1,254.5,0.48,-8.5,-0.02,11459.5,38.20,11
204,Exit short,2026-01-29 15:30,EOD flat,26358.75,2,105360,-77,-0.07,2,334,0.32,-263,-0.25,11382.5,37.94,187
204,Entry short,2026-01-29 12:23,IBS,26340,2,105360,-77,-0.07,2,334,0.32,-263,-0.25,11382.5,37.94,187
205,Exit short,2026-01-30 11:59,IBSx,26252.75,2,105339,326,0.31,2,327,0.31,-427,-0.41,11707.5,39.03,84
205,Entry short,2026-01-30 10:35,IBS,26334.75,2,105339,326,0.31,2,327,0.31,-427,-0.41,11707.5,39.03,84
206,Exit short,2026-01-30 11:59,IBS2x,26252.75,2,105488,475,0.45,2,476,0.45,-278,-0.26,12183.5,40.61,84
206,Entry short,2026-01-30 10:35,IBS2,26372,2,105488,475,0.45,2,476,0.45,-278,-0.26,12183.5,40.61,84
207,Exit long,2026-02-03 02:49,HAL-Lx,26526.75,4,211958,252,0.12,4,254,0.12,-120,-0.06,12435.5,41.45,110
207,Entry long,2026-02-03 00:59,HAL-L,26494.75,4,211958,252,0.12,4,254,0.12,-120,-0.06,12435.5,41.45,110
208,Exit long,2026-02-04 01:35,HAL-Lx,25974,4,207600,188,0.09,4,190,0.09,-64,-0.03,12623.5,42.08,36
208,Entry long,2026-02-04 00:59,HAL-L,25950,4,207600,188,0.09,4,190,0.09,-64,-0.03,12623.5,42.08,36
209,Exit long,2026-02-05 01:57,HAL-Lx,25578.25,4,204292,330,0.16,4,332,0.16,-320,-0.16,12953.5,43.18,73
209,Entry long,2026-02-05 00:44,HAL-L,25536.5,4,204292,330,0.16,4,332,0.16,-320,-0.16,12953.5,43.18,73
210,Exit short,2026-02-05 15:30,EOD flat,25157,2,100642,12,0.01,2,96,0.10,-938,-0.93,12964.5,43.22,254
210,Entry short,2026-02-05 11:16,IBS,25160.5,2,100642,12,0.01,2,96,0.10,-938,-0.93,12964.5,43.22,254
211,Exit short,2026-02-05 15:30,EOD flat,25157,2,101052,422,0.42,2,506,0.50,-528,-0.52,13387.5,44.63,243
211,Entry short,2026-02-05 11:27,IBS2,25263,2,101052,422,0.42,2,506,0.50,-528,-0.52,13387.5,44.63,243
212,Exit long,2026-02-06 00:36,HAL-Lx,25052.25,4,199986,428,0.21,4,430,0.22,-34,-0.02,13815.5,46.05,7
212,Entry long,2026-02-06 00:29,HAL-L,24998.25,4,199986,428,0.21,4,430,0.22,-34,-0.02,13815.5,46.05,7
213,Exit long,2026-02-06 10:46,ORLx,25457.25,1,50755.5,158,0.31,1,158.5,0.31,-258,-0.51,13973,46.58,51
213,Entry long,2026-02-06 09:55,ORL,25377.75,1,50755.5,158,0.31,1,158.5,0.31,-258,-0.51,13973,46.58,51
214,Exit long,2026-02-06 10:46,ORL2x,25457.25,1,50642,271.5,0.54,1,272,0.54,-144.5,-0.29,14245,47.48,45
214,Entry long,2026-02-06 10:01,ORL2,25321,1,50642,271.5,0.54,1,272,0.54,-144.5,-0.29,14245,47.48,45
215,Exit long,2026-02-09 01:00,HAL-Lx,25683.5,4,205734,-270,-0.13,4,152,0.07,-268,-0.13,13975,46.58,31
215,Entry long,2026-02-09 00:29,HAL-L,25716.75,4,205734,-270,-0.13,4,152,0.07,-268,-0.13,13975,46.58,31
216,Exit long,2026-02-09 10:05,ORLx,25679.25,1,51220.5,137,0.27,1,137.5,0.27,-22.5,-0.04,14112,47.04,13
216,Entry long,2026-02-09 09:52,ORL,25610.25,1,51220.5,137,0.27,1,137.5,0.27,-22.5,-0.04,14112,47.04,13
217,Exit short,2026-02-10 00:34,HAL-Sx,25854.5,4,206576,-264,-0.13,4,24,0.01,-262,-0.13,13848,46.16,5
217,Entry short,2026-02-10 00:29,HAL-S,25822,4,206576,-264,-0.13,4,24,0.01,-262,-0.13,13848,46.16,5
218,Exit long,2026-02-10 01:10,HAL-RLx,25834.75,4,206878,-204,-0.10,4,8,0.00,-202,-0.10,13644,45.48,11
218,Entry long,2026-02-10 00:59,HAL-RL,25859.75,4,206878,-204,-0.10,4,8,0.00,-202,-0.10,13644,45.48,11
219,Exit short,2026-02-10 10:06,ORSx,25917.5,1,51689.5,-146.5,-0.28,1,0,0.00,-146,-0.28,13497.5,44.99,13
219,Entry short,2026-02-10 09:53,ORS,25844.75,1,51689.5,-146.5,-0.28,1,0,0.00,-146,-0.28,13497.5,44.99,13
220,Exit short,2026-02-11 02:14,HAL-Sx,25762.5,4,206342,238,0.12,4,240,0.12,-248,-0.12,13735.5,45.79,90
220,Entry short,2026-02-11 00:44,HAL-S,25792.75,4,206342,238,0.12,4,240,0.12,-248,-0.12,13735.5,45.79,90
221,Exit short,2026-02-12 01:34,HAL-Sx,25810.75,4,206618,128,0.06,4,130,0.06,-106,-0.05,13863.5,46.21,5
221,Entry short,2026-02-12 01:29,HAL-S,25827.25,4,206618,128,0.06,4,130,0.06,-106,-0.05,13863.5,46.21,5
222,Exit short,2026-02-13 01:37,HAL-Sx,25156.25,4,201712,458,0.23,4,460,0.23,-240,-0.12,14321.5,47.74,68
222,Entry short,2026-02-13 00:29,HAL-S,25214,4,201712,458,0.23,4,460,0.23,-240,-0.12,14321.5,47.74,68
223,Exit long,2026-02-13 12:14,IBLx,25465.5,2,101219,641,0.63,2,642,0.63,-311,-0.31,14961.5,49.87,92
223,Entry long,2026-02-13 10:42,IBL,25304.75,2,101219,641,0.63,2,642,0.63,-311,-0.31,14961.5,49.87,92
224,Exit long,2026-02-13 12:14,IBL2x,25465.5,2,100927,933,0.92,2,934,0.93,-19,-0.02,15895.5,52.99,85
224,Entry long,2026-02-13 10:49,IBL2,25231.75,2,100927,933,0.92,2,934,0.93,-19,-0.02,15895.5,52.99,85
225,Exit short,2026-02-17 00:35,HAL-Sx,25079.75,4,200838,196,0.10,4,198,0.10,-46,-0.02,16091.5,53.64,6
225,Entry short,2026-02-17 00:29,HAL-S,25104.75,4,200838,196,0.10,4,198,0.10,-46,-0.02,16091.5,53.64,6
226,Exit short,2026-02-17 13:39,IBSx,25322.75,2,100228,-1065,-1.06,2,43,0.04,-1064,-1.06,15025.5,50.09,172
226,Entry short,2026-02-17 10:47,IBS,25057,2,100228,-1065,-1.06,2,43,0.04,-1064,-1.06,15025.5,50.09,172
227,Exit short,2026-02-17 13:39,IBS2x,25322.75,2,100582,-711,-0.71,2,119,0.12,-710,-0.71,14315.5,47.72,158
227,Entry short,2026-02-17 11:01,IBS2,25145.5,2,100582,-711,-0.71,2,119,0.12,-710,-0.71,14315.5,47.72,158
228,Exit short,2026-02-18 01:37,HAL-Sx,25345.5,4,202588,-180,-0.09,4,34,0.02,-178,-0.09,14135.5,47.12,23
228,Entry short,2026-02-18 01:14,HAL-S,25323.5,4,202588,-180,-0.09,4,34,0.02,-178,-0.09,14135.5,47.12,23
229,Exit long,2026-02-18 01:59,HAL-RLx,25330,4,202778,-142,-0.07,4,62,0.03,-140,-0.07,13993.5,46.65,15
229,Entry long,2026-02-18 01:44,HAL-RL,25347.25,4,202778,-142,-0.07,4,62,0.03,-140,-0.07,13993.5,46.65,15
230,Exit long,2026-02-18 09:54,ORLx,25387.5,1,50693,81,0.16,1,81.5,0.16,-94.5,-0.19,14074,46.91,7
230,Entry long,2026-02-18 09:47,ORL,25346.5,1,50693,81,0.16,1,81.5,0.16,-94.5,-0.19,14074,46.91,7
231,Exit long,2026-02-18 09:54,ORL2x,25387.5,1,50634.5,139.5,0.28,1,140,0.28,-36,-0.07,14214,47.38,6
231,Entry long,2026-02-18 09:48,ORL2,25317.25,1,50634.5,139.5,0.28,1,140,0.28,-36,-0.07,14214,47.38,6
232,Exit long,2026-02-18 15:30,EOD flat,25409.75,2,102004,-367,-0.36,2,170,0.17,-553,-0.54,13846,46.15,98
232,Entry long,2026-02-18 13:52,IBL,25501,2,102004,-367,-0.36,2,170,0.17,-553,-0.54,13846,46.15,98
233,Exit long,2026-02-18 15:30,EOD flat,25409.75,2,101681,-44,-0.04,2,152,0.15,-230,-0.23,13803,46.01,51
233,Entry long,2026-02-18 14:39,IBL2,25420.25,2,101681,-44,-0.04,2,152,0.15,-230,-0.23,13803,46.01,51
234,Exit long,2026-02-19 13:20,IBLx,25269.25,2,101454,-379,-0.37,2,193,0.19,-378,-0.37,13424,44.75,96
234,Entry long,2026-02-19 11:44,IBL,25363.5,2,101454,-379,-0.37,2,193,0.19,-378,-0.37,13424,44.75,96
235,Exit long,2026-02-20 01:01,HAL-Lx,25455,4,203462,174,0.09,4,176,0.09,-6,0.00,13598,45.33,32
235,Entry long,2026-02-20 00:29,HAL-L,25432.75,4,203462,174,0.09,4,176,0.09,-6,0.00,13598,45.33,32
236,Exit long,2026-02-20 10:01,ORLx,25483,1,50775.5,189.5,0.37,1,190,0.37,-71,-0.14,13787.5,45.96,11
236,Entry long,2026-02-20 09:50,ORL,25387.75,1,50775.5,189.5,0.37,1,190,0.37,-71,-0.14,13787.5,45.96,11
237,Exit long,2026-02-20 15:30,EOD flat,25538.25,2,101546,605,0.60,2,971,0.96,-2,0.00,14392.5,47.98,185
237,Entry long,2026-02-20 12:25,IBL,25386.5,2,101546,605,0.60,2,971,0.96,-2,0.00,14392.5,47.98,185
238,Exit short,2026-02-23 10:36,ORSx,25339.25,1,50854.5,175,0.34,1,175.5,0.35,-91,-0.18,14567,48.56,49
238,Entry short,2026-02-23 09:47,ORS,25427.25,1,50854.5,175,0.34,1,175.5,0.35,-91,-0.18,14567,48.56,49
239,Exit short,2026-02-23 10:36,ORS2x,25339.25,1,50934.5,255,0.50,1,255.5,0.50,-11,-0.02,14822.5,49.41,45
239,Entry short,2026-02-23 09:51,ORS2,25467.25,1,50934.5,255,0.50,1,255.5,0.50,-11,-0.02,14822.5,49.41,45
240,Exit long,2026-02-24 10:21,ORLx,25441.25,1,50729,152.5,0.30,1,153,0.30,-76.5,-0.15,14975,49.92,21
240,Entry long,2026-02-24 10:00,ORL,25364.5,1,50729,152.5,0.30,1,153,0.30,-76.5,-0.15,14975,49.92,21
241,Exit short,2026-02-25 03:04,HAL-Sx,25575,4,204382,-222,-0.11,4,184,0.09,-220,-0.11,14753,49.18,155
241,Entry short,2026-02-25 00:29,HAL-S,25547.75,4,204382,-222,-0.11,4,184,0.09,-220,-0.11,14753,49.18,155
242,Exit long,2026-02-25 06:39,HAL-RLx,25610.25,4,204654,224,0.11,4,226,0.11,-160,-0.08,14977,49.92,190
242,Entry long,2026-02-25 03:29,HAL-RL,25581.75,4,204654,224,0.11,4,226,0.11,-160,-0.08,14977,49.92,190
243,Exit long,2026-02-26 01:13,HAL-Lx,25837.5,4,206516,180,0.09,4,182,0.09,-8,0.00,15157,50.52,14
243,Entry long,2026-02-26 00:59,HAL-L,25814.5,4,206516,180,0.09,4,182,0.09,-8,0.00,15157,50.52,14
244,Exit short,2026-02-26 15:30,EOD flat,25539.75,2,102025,-136,-0.13,2,441,0.43,-400,-0.39,15021,50.07,286
244,Entry short,2026-02-26 10:44,IBS,25506.25,2,102025,-136,-0.13,2,441,0.43,-400,-0.39,15021,50.07,286
245,Exit long,2026-02-27 15:30,EOD flat,25485.75,2,101801,140,0.14,2,373,0.37,-280,-0.28,15160,50.53,279
245,Entry long,2026-02-27 10:51,IBL,25450.25,2,101801,140,0.14,2,373,0.37,-280,-0.28,15160,50.53,279
246,Exit long,2026-02-27 15:30,EOD flat,25485.75,2,101583,358,0.35,2,462,0.45,-62,-0.06,15519,51.73,129
246,Entry long,2026-02-27 13:21,IBL2,25395.75,2,101583,358,0.35,2,462,0.45,-62,-0.06,15519,51.73,129
247,Exit long,2026-03-02 10:07,ORLx,25420.25,1,50644.5,195,0.39,1,195.5,0.39,-25,-0.05,15714,52.38,14
247,Entry long,2026-03-02 09:53,ORL,25322.25,1,50644.5,195,0.39,1,195.5,0.39,-25,-0.05,15714,52.38,14
248,Exit long,2026-03-02 12:15,IBLx,25557.5,2,101476,752,0.74,2,753,0.74,-40,-0.04,16466,54.89,48
248,Entry long,2026-03-02 11:27,IBL,25369,2,101476,752,0.74,2,753,0.74,-40,-0.04,16466,54.89,48
249,Exit short,2026-03-03 02:08,HAL-Sx,25236,4,202268,376,0.19,4,378,0.19,-196,-0.10,16842,56.14,84
249,Entry short,2026-03-03 00:44,HAL-S,25283.5,4,202268,376,0.19,4,378,0.19,-196,-0.10,16842,56.14,84
250,Exit short,2026-03-04 00:42,HAL-Sx,25120.25,4,200518,-448,-0.22,4,132,0.07,-446,-0.22,16394,54.65,13
250,Entry short,2026-03-04 00:29,HAL-S,25064.75,4,200518,-448,-0.22,4,132,0.07,-446,-0.22,16394,54.65,13
251,Exit long,2026-03-04 04:48,HAL-RLx,25256,4,201300,744,0.37,4,746,0.37,-354,-0.18,17138,57.13,124
251,Entry long,2026-03-04 02:44,HAL-RL,25162.5,4,201300,744,0.37,4,746,0.37,-354,-0.18,17138,57.13,124
252,Exit long,2026-03-04 15:30,EOD flat,25655,2,102267,351,0.34,2,628,0.61,-92,-0.09,17489,58.30,285
252,Entry long,2026-03-04 10:45,IBL,25566.75,2,102267,351,0.34,2,628,0.61,-92,-0.09,17489,58.30,285
253,Exit short,2026-03-05 00:42,HAL-Sx,25559.5,4,204672,192,0.09,4,194,0.09,-36,-0.02,17681,58.94,13
253,Entry short,2026-03-05 00:29,HAL-S,25584,4,204672,192,0.09,4,194,0.09,-36,-0.02,17681,58.94,13
254,Exit long,2026-03-05 10:30,ORLx,25492,1,51124.5,-141.5,-0.28,1,32.5,0.06,-141,-0.28,17539.5,58.47,8
254,Entry long,2026-03-05 10:22,ORL,25562.25,1,51124.5,-141.5,-0.28,1,32.5,0.06,-141,-0.28,17539.5,58.47,8
255,Exit short,2026-03-06 02:26,HAL-Sx,25637.25,4,204838,-264,-0.13,4,0,0.00,-262,-0.13,17275.5,57.58,12
255,Entry short,2026-03-06 02:14,HAL-S,25604.75,4,204838,-264,-0.13,4,0,0.00,-262,-0.13,17275.5,57.58,12
256,Exit long,2026-03-06 03:01,HAL-RLx,25613,4,205102,-202,-0.10,4,70,0.03,-200,-0.10,17073.5,56.91,32
256,Entry long,2026-03-06 02:29,HAL-RL,25637.75,4,205102,-202,-0.10,4,70,0.03,-200,-0.10,17073.5,56.91,32
257,Exit long,2026-03-06 11:04,IBLx,25401,2,101126,476,0.47,2,477,0.47,-91,-0.09,17549.5,58.50,14
257,Entry long,2026-03-06 10:50,IBL,25281.5,2,101126,476,0.47,2,477,0.47,-91,-0.09,17549.5,58.50,14
258,Exit long,2026-03-09 02:25,HAL-Lx,24816,4,197684,840,0.42,4,842,0.43,-334,-0.17,18389.5,61.30,56
258,Entry long,2026-03-09 01:29,HAL-L,24710.5,4,197684,840,0.42,4,842,0.43,-334,-0.17,18389.5,61.30,56
259,Exit short,2026-03-09 10:44,ORSx,25033.25,1,49809.5,-258,-0.52,1,168.5,0.34,-257.5,-0.52,18131,60.44,58
259,Entry short,2026-03-09 09:46,ORS,24904.75,1,49809.5,-258,-0.52,1,168.5,0.34,-257.5,-0.52,18131,60.44,58
260,Exit short,2026-03-09 10:44,ORS2x,25033.25,1,49895,-172.5,-0.35,1,233.5,0.47,-172,-0.34,17959,59.86,41
260,Entry short,2026-03-09 10:03,ORS2,24947.5,1,49895,-172.5,-0.35,1,233.5,0.47,-172,-0.34,17959,59.86,41
261,Exit long,2026-03-10 03:05,HAL-Lx,25513,4,203714,386,0.19,4,388,0.19,-144,-0.07,18345,61.15,66
261,Entry long,2026-03-10 01:59,HAL-L,25464.25,4,203714,386,0.19,4,388,0.19,-144,-0.07,18345,61.15,66
262,Exit short,2026-03-10 10:39,ORSx,25588.25,1,51054.5,-123,-0.24,1,60,0.12,-122.5,-0.24,18222,60.74,13
262,Entry short,2026-03-10 10:26,ORS,25527.25,1,51054.5,-123,-0.24,1,60,0.12,-122.5,-0.24,18222,60.74,13
263,Exit short,2026-03-11 03:34,HAL-Sx,25499,4,204382,386,0.19,4,388,0.19,-104,-0.05,18608,62.03,110
263,Entry short,2026-03-11 01:44,HAL-S,25547.75,4,204382,386,0.19,4,388,0.19,-104,-0.05,18608,62.03,110
264,Exit short,2026-03-11 11:30,IBSx,25425.25,2,102145,442,0.43,2,443,0.43,-244,-0.24,19049,63.50,52
264,Entry short,2026-03-11 10:38,IBS,25536.25,2,102145,442,0.43,2,443,0.43,-244,-0.24,19049,63.50,52
265,Exit short,2026-03-11 11:30,IBS2x,25425.25,2,102346,643,0.63,2,644,0.63,-43,-0.04,19693,65.64,32
265,Entry short,2026-03-11 10:58,IBS2,25586.5,2,102346,643,0.63,2,644,0.63,-43,-0.04,19693,65.64,32
266,Exit long,2026-03-12 03:54,HAL-Lx,25356.25,4,202352,494,0.24,4,496,0.25,-62,-0.03,20187,67.29,85
266,Entry long,2026-03-12 02:29,HAL-L,25294,4,202352,494,0.24,4,496,0.25,-62,-0.03,20187,67.29,85
267,Exit short,2026-03-12 15:30,EOD flat,25139,2,100713,155,0.15,2,440,0.44,-257,-0.26,20341,67.80,284
267,Entry short,2026-03-12 10:46,IBS,25178.25,2,100713,155,0.15,2,440,0.44,-257,-0.26,20341,67.80,284
268,Exit short,2026-03-12 15:30,EOD flat,25139,2,100931,373,0.37,2,658,0.65,-39,-0.04,20715,69.05,284
268,Entry short,2026-03-12 10:46,IBS2,25232.75,2,100931,373,0.37,2,658,0.65,-39,-0.04,20715,69.05,284
269,Exit short,2026-03-13 02:44,HAL-Sx,25023.25,4,200448,258,0.13,4,260,0.13,-90,-0.04,20973,69.91,15
269,Entry short,2026-03-13 02:29,HAL-S,25056,4,200448,258,0.13,4,260,0.13,-90,-0.04,20973,69.91,15
270,Exit long,2026-03-13 10:42,ORLx,25117.75,1,50478.5,-244,-0.48,1,66,0.13,-243.5,-0.48,20728.5,69.10,45
270,Entry long,2026-03-13 09:57,ORL,25239.25,1,50478.5,-244,-0.48,1,66,0.13,-243.5,-0.48,20728.5,69.10,45
271,Exit long,2026-03-13 10:42,ORL2x,25117.75,1,50397.5,-163,-0.32,1,72.5,0.14,-162.5,-0.32,20566,68.55,34
271,Entry long,2026-03-13 10:08,ORL2,25198.75,1,50397.5,-163,-0.32,1,72.5,0.14,-162.5,-0.32,20566,68.55,34
272,Exit long,2026-03-16 02:12,HAL-Lx,25071.5,4,200352,216,0.11,4,218,0.11,-22,-0.01,20782,69.27,28
272,Entry long,2026-03-16 01:44,HAL-L,25044,4,200352,216,0.11,4,218,0.11,-22,-0.01,20782,69.27,28
273,Exit short,2026-03-17 01:47,HAL-Sx,25081,4,200886,234,0.12,4,236,0.12,-12,-0.01,21016,70.05,3
273,Entry short,2026-03-17 01:44,HAL-S,25110.75,4,200886,234,0.12,4,236,0.12,-12,-0.01,21016,70.05,3
274,Exit long,2026-03-17 10:44,ORLx,25380.5,1,50682.5,77.5,0.15,1,78,0.15,-104.5,-0.21,21093,70.31,33
274,Entry long,2026-03-17 10:11,ORL,25341.25,1,50682.5,77.5,0.15,1,78,0.15,-104.5,-0.21,21093,70.31,33
275,Exit long,2026-03-17 10:44,ORL2x,25380.5,1,50626.5,133.5,0.26,1,134,0.26,-48.5,-0.10,21227,70.76,29
275,Entry long,2026-03-17 10:15,ORL2,25313.25,1,50626.5,133.5,0.26,1,134,0.26,-48.5,-0.10,21227,70.76,29
276,Exit long,2026-03-18 02:11,HAL-Lx,25476.25,4,203630,176,0.09,4,178,0.09,-20,-0.01,21403,71.34,42
276,Entry long,2026-03-18 01:29,HAL-L,25453.75,4,203630,176,0.09,4,178,0.09,-20,-0.01,21403,71.34,42
277,Exit short,2026-03-18 14:54,IBSx,25048,2,100606,412,0.41,2,413,0.41,-235,-0.23,21814,72.71,79
277,Entry short,2026-03-18 13:35,IBS,25151.5,2,100606,412,0.41,2,413,0.41,-235,-0.23,21814,72.71,79
278,Exit short,2026-03-18 14:54,IBS2x,25048,2,100794,600,0.60,2,601,0.60,-47,-0.05,22415,74.72,54
278,Entry short,2026-03-18 14:00,IBS2,25198.5,2,100794,600,0.60,2,601,0.60,-47,-0.05,22415,74.72,54
279,Exit short,2026-03-19 01:44,HAL-Sx,24887.25,4,199270,168,0.08,4,170,0.09,-52,-0.03,22583,75.28,15
279,Entry short,2026-03-19 01:29,HAL-S,24908.75,4,199270,168,0.08,4,170,0.09,-52,-0.03,22583,75.28,15
280,Exit long,2026-03-19 10:31,ORLx,24759.25,1,49428,89.5,0.18,1,90,0.18,-27.5,-0.06,22672.5,75.58,4
280,Entry long,2026-03-19 10:27,ORL,24714,1,49428,89.5,0.18,1,90,0.18,-27.5,-0.06,22672.5,75.58,4
281,Exit long,2026-03-19 15:05,IBLx,24906,2,98913,709,0.72,2,710,0.72,-232,-0.23,23381.5,77.94,214
281,Entry long,2026-03-19 11:31,IBL,24728.25,2,98913,709,0.72,2,710,0.72,-232,-0.23,23381.5,77.94,214
282,Exit long,2026-03-20 02:27,HAL-Lx,24852,4,199108,-296,-0.15,4,72,0.04,-294,-0.15,23085.5,76.95,58
282,Entry long,2026-03-20 01:29,HAL-L,24888.5,4,199108,-296,-0.15,4,72,0.04,-294,-0.15,23085.5,76.95,58
283,Exit short,2026-03-20 02:51,HAL-RSx,24823,4,198808,220,0.11,4,222,0.11,-104,-0.05,23305.5,77.69,22
283,Entry short,2026-03-20 02:29,HAL-RS,24851,4,198808,220,0.11,4,222,0.11,-104,-0.05,23305.5,77.69,22
284,Exit short,2026-03-20 13:48,IBSx,24458.75,2,98387,550,0.56,2,551,0.56,-223,-0.23,23855.5,79.52,168
284,Entry short,2026-03-20 11:00,IBS,24596.75,2,98387,550,0.56,2,551,0.56,-223,-0.23,23855.5,79.52,168
285,Exit long,2026-03-23 11:52,ORLx,24725.5,1,49587.5,-137.5,-0.28,1,37.5,0.08,-137,-0.28,23718,79.06,6
285,Entry long,2026-03-23 11:46,ORL,24793.75,1,49587.5,-137.5,-0.28,1,37.5,0.08,-137,-0.28,23718,79.06,6
286,Exit short,2026-03-24 01:41,HAL-Sx,24555,4,195926,-518,-0.26,4,24,0.01,-516,-0.26,23200,77.33,12
286,Entry short,2026-03-24 01:29,HAL-S,24490.75,4,195926,-518,-0.26,4,24,0.01,-516,-0.26,23200,77.33,12
287,Exit long,2026-03-24 02:22,HAL-RLx,24614,4,196444,464,0.24,4,466,0.24,-26,-0.01,23664,78.88,23
287,Entry long,2026-03-24 01:59,HAL-RL,24555.5,4,196444,464,0.24,4,466,0.24,-26,-0.01,23664,78.88,23
288,Exit short,2026-03-25 02:30,HAL-Sx,24631.5,4,197396,340,0.17,4,342,0.17,-22,-0.01,24004,80.01,31
288,Entry short,2026-03-25 01:59,HAL-S,24674.5,4,197396,340,0.17,4,342,0.17,-22,-0.01,24004,80.01,31
289,Exit short,2026-03-26 03:20,HAL-Sx,24512.5,4,196560,456,0.23,4,458,0.23,-172,-0.09,24460,81.53,111
289,Entry short,2026-03-26 01:29,HAL-S,24570,4,196560,456,0.23,4,458,0.23,-172,-0.09,24460,81.53,111
290,Exit short,2026-03-27 04:03,HAL-Sx,24137.25,4,193588,486,0.25,4,488,0.25,-16,-0.01,24946,83.15,64
290,Entry short,2026-03-27 02:59,HAL-S,24198.5,4,193588,486,0.25,4,488,0.25,-16,-0.01,24946,83.15,64
291,Exit short,2026-03-27 13:41,IBSx,23671,2,95170,484,0.51,2,485,0.51,-448,-0.47,25429,84.76,172
291,Entry short,2026-03-27 10:49,IBS,23792.5,2,95170,484,0.51,2,485,0.51,-448,-0.47,25429,84.76,172
292,Exit short,2026-03-27 13:41,IBS2x,23671,2,95390,704,0.74,2,705,0.74,-228,-0.24,26134,87.11,155
292,Entry short,2026-03-27 11:06,IBS2,23847.5,2,95390,704,0.74,2,705,0.74,-228,-0.24,26134,87.11,155
293,Exit long,2026-03-30 02:50,HAL-Lx,23706.5,4,189300,348,0.18,4,350,0.18,-12,-0.01,26482,88.27,21
293,Entry long,2026-03-30 02:29,HAL-L,23662.5,4,189300,348,0.18,4,350,0.18,-12,-0.01,26482,88.27,21
294,Exit short,2026-03-30 13:16,IBSx,23512.75,2,94590,537,0.57,2,538,0.57,-335,-0.35,27018,90.06,148
294,Entry short,2026-03-30 10:48,IBS,23647.5,2,94590,537,0.57,2,538,0.57,-335,-0.35,27018,90.06,148
295,Exit short,2026-03-30 13:16,IBS2x,23512.75,2,94835,782,0.82,2,783,0.83,-90,-0.09,27801,92.67,131
295,Entry short,2026-03-30 11:05,IBS2,23708.75,2,94835,782,0.82,2,783,0.83,-90,-0.09,27801,92.67,131
296,Exit long,2026-03-31 01:47,HAL-Lx,23617,4,188648,284,0.15,4,286,0.15,-64,-0.03,28085,93.62,18
296,Entry long,2026-03-31 01:29,HAL-L,23581,4,188648,284,0.15,4,286,0.15,-64,-0.03,28085,93.62,18
297,Exit long,2026-03-31 10:56,IBLx,23671.75,2,95294,-609,-0.64,2,33,0.03,-608,-0.64,27475,91.58,20
297,Entry long,2026-03-31 10:36,IBL,23823.5,2,95294,-609,-0.64,2,33,0.03,-608,-0.64,27475,91.58,20
298,Exit long,2026-03-31 10:56,IBL2x,23671.75,2,95092,-407,-0.43,2,99,0.10,-406,-0.43,27069,90.23,12
298,Entry long,2026-03-31 10:44,IBL2,23773,2,95092,-407,-0.43,2,99,0.10,-406,-0.43,27069,90.23,12
299,Exit long,2026-04-01 02:15,HAL-Lx,24385.75,4,194764,318,0.16,4,320,0.16,-176,-0.09,27387,91.29,46
299,Entry long,2026-04-01 01:29,HAL-L,24345.5,4,194764,318,0.16,4,320,0.16,-176,-0.09,27387,91.29,46
300,Exit long,2026-04-01 10:54,IBLx,24553.75,2,97847,366,0.37,2,367,0.38,-149,-0.15,27753,92.51,21
300,Entry long,2026-04-01 10:33,IBL,24461.75,2,97847,366,0.37,2,367,0.38,-149,-0.15,27753,92.51,21
301,Exit short,2026-04-02 03:06,HAL-Sx,24120,4,192596,-368,-0.19,4,232,0.12,-366,-0.19,27385,91.28,82
301,Entry short,2026-04-02 01:44,HAL-S,24074.5,4,192596,-368,-0.19,4,232,0.12,-366,-0.19,27385,91.28,82
302,Exit long,2026-04-02 03:59,HAL-RLx,24174.5,4,193084,308,0.16,4,310,0.16,-4,0.00,27693,92.31,15
302,Entry long,2026-04-02 03:44,HAL-RL,24135.5,4,193084,308,0.16,4,310,0.16,-4,0.00,27693,92.31,15
303,Exit short,2026-04-03 03:10,HAL-Sx,24413.75,4,195568,254,0.13,4,256,0.13,-98,-0.05,27947,93.16,26
303,Entry short,2026-04-03 02:44,HAL-S,24446,4,195568,254,0.13,4,256,0.13,-98,-0.05,27947,93.16,26
304,Exit short,2026-04-07 04:00,HAL-Sx,24552,4,196140,-280,-0.14,4,156,0.08,-278,-0.14,27667,92.22,151
304,Entry short,2026-04-07 01:29,HAL-S,24517.5,4,196140,-280,-0.14,4,156,0.08,-278,-0.14,27667,92.22,151
305,Exit long,2026-04-07 05:12,HAL-RLx,24681.5,4,196864,584,0.30,4,586,0.30,-78,-0.04,28251,94.17,58
305,Entry long,2026-04-07 04:14,HAL-RL,24608,4,196864,584,0.30,4,586,0.30,-78,-0.04,28251,94.17,58
306,Exit short,2026-04-07 15:30,EOD flat,24509.75,2,97768,-273,-0.28,2,288,0.29,-603,-0.62,27978,93.26,208
306,Entry short,2026-04-07 12:02,IBS,24442,2,97768,-273,-0.28,2,288,0.29,-603,-0.62,27978,93.26,208
307,Exit long,2026-04-08 02:00,HAL-Lx,25489.75,4,203622,292,0.14,4,294,0.14,-158,-0.08,28270,94.23,31
307,Entry long,2026-04-08 01:29,HAL-L,25452.75,4,203622,292,0.14,4,294,0.14,-158,-0.08,28270,94.23,31
308,Exit short,2026-04-08 14:55,IBSx,25272.75,2,101553,460,0.45,2,461,0.45,-251,-0.25,28729,95.76,174
308,Entry short,2026-04-08 12:01,IBS,25388.25,2,101553,460,0.45,2,461,0.45,-251,-0.25,28729,95.76,174
309,Exit short,2026-04-08 14:55,IBS2x,25272.75,2,101762,669,0.66,2,670,0.66,-42,-0.04,29399,98.00,123
309,Entry short,2026-04-08 12:52,IBS2,25440.5,2,101762,669,0.66,2,670,0.66,-42,-0.04,29399,98.00,123
310,Exit long,2026-04-09 03:33,HAL-Lx,25287.25,4,202610,-316,-0.16,4,200,0.10,-314,-0.15,29083,96.94,124
310,Entry long,2026-04-09 01:29,HAL-L,25326.25,4,202610,-316,-0.16,4,200,0.10,-314,-0.15,29083,96.94,124
311,Exit short,2026-04-09 06:00,HAL-RSx,25313.5,4,202160,-352,-0.17,4,188,0.09,-350,-0.17,28731,95.77,136
311,Entry short,2026-04-09 03:44,HAL-RS,25270,4,202160,-352,-0.17,4,188,0.09,-350,-0.17,28731,95.77,136
312,Exit short,2026-04-09 11:32,IBSx,25406.25,2,101177,-450,-0.44,2,15,0.01,-449,-0.44,28280,94.27,47
312,Entry short,2026-04-09 10:45,IBS,25294.25,2,101177,-450,-0.44,2,15,0.01,-449,-0.44,28280,94.27,47
313,Exit short,2026-04-09 11:32,IBS2x,25406.25,2,101326,-301,-0.30,2,98,0.10,-300,-0.30,27980,93.27,37
313,Entry short,2026-04-09 10:55,IBS2,25331.5,2,101326,-301,-0.30,2,98,0.10,-300,-0.30,27980,93.27,37
314,Exit short,2026-04-10 02:06,HAL-Sx,25547.5,4,204498,114,0.06,4,116,0.06,-76,-0.04,28094,93.65,37
314,Entry short,2026-04-10 01:29,HAL-S,25562.25,4,204498,114,0.06,4,116,0.06,-76,-0.04,28094,93.65,37
315,Exit long,2026-04-13 02:17,HAL-Lx,25402.5,4,203054,162,0.08,4,164,0.08,-8,0.00,28256,94.19,3
315,Entry long,2026-04-13 02:14,HAL-L,25381.75,4,203054,162,0.08,4,164,0.08,-8,0.00,28256,94.19,3
316,Exit long,2026-04-13 12:29,IBLx,25678.25,2,102332,379,0.37,2,380,0.37,-31,-0.03,28635,95.45,27
316,Entry long,2026-04-13 12:02,IBL,25583,2,102332,379,0.37,2,380,0.37,-31,-0.03,28635,95.45,27
317,Exit short,2026-04-14 03:02,HAL-Sx,25889.5,4,206962,-158,-0.08,4,98,0.05,-156,-0.08,28477,94.92,78
317,Entry short,2026-04-14 01:44,HAL-S,25870.25,4,206962,-158,-0.08,4,98,0.05,-156,-0.08,28477,94.92,78
318,Exit long,2026-04-14 04:30,HAL-RLx,25941,4,207298,226,0.11,4,228,0.11,-102,-0.05,28703,95.68,76
318,Entry long,2026-04-14 03:14,HAL-RL,25912.25,4,207298,226,0.11,4,228,0.11,-102,-0.05,28703,95.68,76
319,Exit long,2026-04-14 11:38,IBLx,26145,2,104248,330,0.32,2,331,0.32,-26,-0.02,29033,96.78,32
319,Entry long,2026-04-14 11:06,IBL,26062,2,104248,330,0.32,2,331,0.32,-26,-0.02,29033,96.78,32
320,Exit short,2026-04-15 09:40,HAL-Sx,26351.75,4,210238,-580,-0.28,4,414,0.20,-578,-0.27,28453,94.84,491
320,Entry short,2026-04-15 01:29,HAL-S,26279.75,4,210238,-580,-0.28,4,414,0.20,-578,-0.27,28453,94.84,491
321,Exit long,2026-04-15 10:31,HAL-RLx,26432.75,4,210900,558,0.26,4,560,0.27,-178,-0.08,29011,96.70,32
321,Entry long,2026-04-15 09:59,HAL-RL,26362.5,4,210900,558,0.26,4,560,0.27,-178,-0.08,29011,96.70,32
322,Exit long,2026-04-16 02:02,HAL-Lx,26760.25,4,213892,186,0.09,4,188,0.09,-10,0.00,29197,97.32,33
322,Entry long,2026-04-16 01:29,HAL-L,26736.5,4,213892,186,0.09,4,188,0.09,-10,0.00,29197,97.32,33
323,Exit short,2026-04-16 11:08,ORSx,26747,1,53385.5,-109.5,-0.21,1,65.5,0.12,-109,-0.20,29087.5,96.96,23
323,Entry short,2026-04-16 10:45,ORS,26692.75,1,53385.5,-109.5,-0.21,1,65.5,0.12,-109,-0.20,29087.5,96.96,23
324,Exit long,2026-04-17 03:07,HAL-Lx,26778.5,4,214070,154,0.07,4,156,0.07,-152,-0.07,29241.5,97.47,68
324,Entry long,2026-04-17 01:59,HAL-L,26758.75,4,214070,154,0.07,4,156,0.07,-152,-0.07,29241.5,97.47,68
325,Exit long,2026-04-17 13:46,IBLx,27113,2,108129,321,0.30,2,322,0.30,-13,-0.01,29562.5,98.54,22
325,Entry long,2026-04-17 13:24,IBL,27032.25,2,108129,321,0.30,2,322,0.30,-13,-0.01,29562.5,98.54,22
326,Exit long,2026-04-21 03:04,HAL-Lx,27113.25,4,217174,-272,-0.13,4,20,0.01,-270,-0.12,29290.5,97.64,50
326,Entry long,2026-04-21 02:14,HAL-L,27146.75,4,217174,-272,-0.13,4,20,0.01,-270,-0.12,29290.5,97.64,50
327,Exit short,2026-04-21 04:43,HAL-RSx,27137,4,216900,-200,-0.09,4,176,0.08,-198,-0.09,29090.5,96.97,89
327,Entry short,2026-04-21 03:14,HAL-RS,27112.5,4,216900,-200,-0.09,4,176,0.08,-198,-0.09,29090.5,96.97,89
328,Exit long,2026-04-22 08:12,HAL-Lx,27173.5,4,216966,418,0.19,4,420,0.19,-384,-0.18,29508.5,98.36,403
328,Entry long,2026-04-22 01:29,HAL-L,27120.75,4,216966,418,0.19,4,420,0.19,-384,-0.18,29508.5,98.36,403
329,Exit long,2026-04-22 13:22,IBLx,27340.25,2,108956,403,0.37,2,404,0.37,-23,-0.02,29911.5,99.71,167
329,Entry long,2026-04-22 10:35,IBL,27239,2,108956,403,0.37,2,404,0.37,-23,-0.02,29911.5,99.71,167
330,Exit short,2026-04-23 01:51,HAL-Sx,27260.25,4,217958,-128,-0.06,4,94,0.04,-126,-0.06,29783.5,99.28,22
330,Entry short,2026-04-23 01:29,HAL-S,27244.75,4,217958,-128,-0.06,4,94,0.04,-126,-0.06,29783.5,99.28,22
331,Exit long,2026-04-23 02:17,HAL-RLx,27297.25,4,218174,200,0.09,4,202,0.09,-12,-0.01,29983.5,99.95,18
331,Entry long,2026-04-23 01:59,HAL-RL,27271.75,4,218174,200,0.09,4,202,0.09,-12,-0.01,29983.5,99.95,18
332,Exit long,2026-04-23 13:09,IBLx,27257,2,109306,-280,-0.26,2,71,0.06,-279,-0.26,29703.5,99.01,8
332,Entry long,2026-04-23 13:01,IBL,27326.5,2,109306,-280,-0.26,2,71,0.06,-279,-0.26,29703.5,99.01,8
333,Exit long,2026-04-24 01:52,HAL-Lx,27377.25,4,218818,196,0.09,4,198,0.09,-4,0.00,29899.5,99.67,23
333,Entry long,2026-04-24 01:29,HAL-L,27352.25,4,218818,196,0.09,4,198,0.09,-4,0.00,29899.5,99.67,23
334,Exit short,2026-04-28 02:49,HAL-Sx,27617.25,4,221314,372,0.17,4,374,0.17,-60,-0.03,30271.5,100.91,65
334,Entry short,2026-04-28 01:44,HAL-S,27664.25,4,221314,372,0.17,4,374,0.17,-60,-0.03,30271.5,100.91,65
335,Exit long,2026-04-28 10:38,ORLx,27362.25,1,54981,-257.5,-0.47,1,74,0.13,-257,-0.47,30013.5,100.05,45
335,Entry long,2026-04-28 09:53,ORL,27490.5,1,54981,-257.5,-0.47,1,74,0.13,-257,-0.47,30013.5,100.05,45
336,Exit long,2026-04-28 10:38,ORL2x,27362.25,1,54895.5,-172,-0.31,1,159.5,0.29,-171.5,-0.31,29842,99.47,42
336,Entry long,2026-04-28 09:56,ORL2,27447.75,1,54895.5,-172,-0.31,1,159.5,0.29,-171.5,-0.31,29842,99.47,42
337,Exit short,2026-04-29 03:45,HAL-Sx,27525.75,4,220472,262,0.12,4,264,0.12,-186,-0.08,30104,100.35,46
337,Entry short,2026-04-29 02:59,HAL-S,27559,4,220472,262,0.12,4,264,0.12,-186,-0.08,30104,100.35,46
338,Exit long,2026-04-29 15:15,IBLx,27616.25,2,110128,335,0.30,2,336,0.31,-344,-0.31,30438,101.46,244
338,Entry long,2026-04-29 11:11,IBL,27532,2,110128,335,0.30,2,336,0.31,-344,-0.31,30438,101.46,244
339,Exit long,2026-04-29 15:15,IBL2x,27616.25,2,109975,488,0.44,2,489,0.44,-191,-0.17,30927,103.09,201
339,Entry long,2026-04-29 11:54,IBL2,27493.75,2,109975,488,0.44,2,489,0.44,-191,-0.17,30927,103.09,201
340,Exit short,2026-04-30 02:37,HAL-Sx,27600.5,4,220136,-672,-0.31,4,304,0.14,-670,-0.30,30255,100.85,38
340,Entry short,2026-04-30 01:59,HAL-S,27517,4,220136,-672,-0.31,4,304,0.14,-670,-0.30,30255,100.85,38
341,Exit long,2026-04-30 05:30,HAL-RLx,27707.25,4,220938,716,0.32,4,718,0.32,-160,-0.07,30971,103.24,136
341,Entry long,2026-04-30 03:14,HAL-RL,27617.25,4,220938,716,0.32,4,718,0.32,-160,-0.07,30971,103.24,136
342,Exit short,2026-04-30 13:30,ORSx,27784.25,1,55348.5,-221,-0.40,1,99.5,0.18,-220.5,-0.40,30750,102.50,150
342,Entry short,2026-04-30 11:00,ORS,27674.25,1,55348.5,-221,-0.40,1,99.5,0.18,-220.5,-0.40,30750,102.50,150
343,Exit short,2026-05-01 02:46,HAL-Sx,27888.75,4,223280,166,0.07,4,168,0.08,-102,-0.05,30916,103.05,47
343,Entry short,2026-05-01 01:59,HAL-S,27910,4,223280,166,0.07,4,168,0.08,-102,-0.05,30916,103.05,47
344,Exit long,2026-05-01 15:30,EOD flat,28183.75,2,112512,221,0.20,2,276,0.25,-160,-0.14,31137,103.79,220
344,Entry long,2026-05-01 11:50,IBL,28128,2,112512,221,0.20,2,276,0.25,-160,-0.14,31137,103.79,220
345,Exit long,2026-05-04 11:19,IBLx,28101.25,2,112616,-213,-0.19,2,216,0.19,-212,-0.19,30924,103.08,19
345,Entry long,2026-05-04 11:00,IBL,28154,2,112616,-213,-0.19,2,216,0.19,-212,-0.19,30924,103.08,19
346,Exit long,2026-05-05 02:01,HAL-Lx,28163,4,225116,184,0.08,4,186,0.08,-40,-0.02,31108,103.69,17
346,Entry long,2026-05-05 01:44,HAL-L,28139.5,4,225116,184,0.08,4,186,0.08,-40,-0.02,31108,103.69,17
347,Exit long,2026-05-05 10:22,ORLx,28388.5,1,56697,79,0.14,1,79.5,0.14,-46.5,-0.08,31187,103.96,9
347,Entry long,2026-05-05 10:13,ORL,28348.5,1,56697,79,0.14,1,79.5,0.14,-46.5,-0.08,31187,103.96,9
348,Exit long,2026-05-05 14:14,IBLx,28477.75,2,113548,361,0.32,2,362,0.32,-90,-0.08,31548,105.16,215
348,Entry long,2026-05-05 10:39,IBL,28387,2,113548,361,0.32,2,362,0.32,-90,-0.08,31548,105.16,215
349,Exit long,2026-05-06 02:12,HAL-Lx,28621.5,4,229188,-220,-0.10,4,104,0.05,-218,-0.10,31328,104.43,13
349,Entry long,2026-05-06 01:59,HAL-L,28648.5,4,229188,-220,-0.10,4,104,0.05,-218,-0.10,31328,104.43,13
350,Exit short,2026-05-06 03:05,HAL-RSx,28642.5,4,228950,-194,-0.08,4,106,0.05,-192,-0.08,31134,103.78,21
350,Entry short,2026-05-06 02:44,HAL-RS,28618.75,4,228950,-194,-0.08,4,106,0.05,-192,-0.08,31134,103.78,21
351,Exit long,2026-05-06 10:12,ORLx,28790.75,1,57478.5,102,0.18,1,102.5,0.18,-123,-0.21,31235.5,104.12,10
351,Entry long,2026-05-06 10:02,ORL,28739.25,1,57478.5,102,0.18,1,102.5,0.18,-123,-0.21,31235.5,104.12,10
352,Exit long,2026-05-06 10:12,ORL2x,28790.75,1,57405.5,175,0.30,1,175.5,0.31,-50,-0.09,31411,104.70,6
352,Entry long,2026-05-06 10:06,ORL2,28702.75,1,57405.5,175,0.30,1,175.5,0.31,-50,-0.09,31411,104.70,6
353,Exit long,2026-05-07 03:07,HAL-Lx,29049,4,232148,240,0.10,4,242,0.10,-248,-0.11,31651,105.50,83
353,Entry long,2026-05-07 01:44,HAL-L,29018.5,4,232148,240,0.10,4,242,0.10,-248,-0.11,31651,105.50,83
354,Exit long,2026-05-07 12:12,IBLx,29001,2,116573,-571,-0.49,2,186,0.16,-570,-0.49,31079,103.60,66
354,Entry long,2026-05-07 11:06,IBL,29143.25,2,116573,-571,-0.49,2,186,0.16,-570,-0.49,31079,103.60,66
355,Exit long,2026-05-07 12:12,IBL2x,29001,2,116384,-382,-0.33,2,0,0.00,-381,-0.33,30698,102.33,15
355,Entry long,2026-05-07 11:57,IBL2,29096,2,116384,-382,-0.33,2,0,0.00,-381,-0.33,30698,102.33,15
356,Exit long,2026-05-08 01:30,HAL-Lx,29105.25,4,232718,120,0.05,4,122,0.05,-6,0.00,30818,102.73,1
356,Entry long,2026-05-08 01:29,HAL-L,29089.75,4,232718,120,0.05,4,122,0.05,-6,0.00,30818,102.73,1
357,Exit short,2026-05-11 11:30,IBSx,29730.75,2,118448,-477,-0.40,2,73,0.06,-476,-0.40,30340,101.13,56
357,Entry short,2026-05-11 10:34,IBS,29612,2,118448,-477,-0.40,2,73,0.06,-476,-0.40,30340,101.13,56
358,Exit short,2026-05-11 11:30,IBS2x,29730.75,2,118606,-319,-0.27,2,51,0.04,-318,-0.27,30022,100.07,51
358,Entry short,2026-05-11 10:39,IBS2,29651.5,2,118606,-319,-0.27,2,51,0.04,-318,-0.27,30022,100.07,51
359,Exit short,2026-05-12 02:27,HAL-Sx,29541.25,4,236538,204,0.09,4,206,0.09,-198,-0.08,30226,100.75,43
359,Entry short,2026-05-12 01:44,HAL-S,29567.25,4,236538,204,0.09,4,206,0.09,-198,-0.08,30226,100.75,43
360,Exit long,2026-05-13 03:46,HAL-Lx,29659.75,4,236934,340,0.14,4,342,0.14,-280,-0.12,30566,101.89,92
360,Entry long,2026-05-13 02:14,HAL-L,29616.75,4,236934,340,0.14,4,342,0.14,-280,-0.12,30566,101.89,92
361,Exit long,2026-05-14 04:04,HAL-Lx,29844.75,4,239178,-424,-0.18,4,288,0.12,-422,-0.18,30142,100.47,125
361,Entry long,2026-05-14 01:59,HAL-L,29897.25,4,239178,-424,-0.18,4,288,0.12,-422,-0.18,30142,100.47,125
362,Exit short,2026-05-14 05:37,HAL-RSx,29781,4,238632,380,0.16,4,382,0.16,-80,-0.03,30522,101.74,8
362,Entry short,2026-05-14 05:29,HAL-RS,29829,4,238632,380,0.16,4,382,0.16,-80,-0.03,30522,101.74,8
363,Exit long,2026-05-14 10:20,ORLx,29940.75,1,59758,122.5,0.20,1,123,0.21,-120,-0.20,30644,102.15,25
363,Entry long,2026-05-14 09:55,ORL,29879,1,59758,122.5,0.20,1,123,0.21,-120,-0.20,30644,102.15,25
364,Exit long,2026-05-14 10:20,ORL2x,29940.75,1,59670,210.5,0.35,1,211,0.35,-32,-0.05,30855,102.85,21
364,Entry long,2026-05-14 09:59,ORL2,29835,1,59670,210.5,0.35,1,211,0.35,-32,-0.05,30855,102.85,21
365,Exit short,2026-05-15 02:00,HAL-Sx,29554,4,237202,766,0.32,4,768,0.32,-26,-0.01,31621,105.40,16
365,Entry short,2026-05-15 01:44,HAL-S,29650.25,4,237202,766,0.32,4,768,0.32,-26,-0.01,31621,105.40,16
366,Exit short,2026-05-15 10:13,ORSx,29585.25,1,58958,-213.5,-0.36,1,108.5,0.18,-213,-0.36,31407,104.69,25
366,Entry short,2026-05-15 09:48,ORS,29479,1,58958,-213.5,-0.36,1,108.5,0.18,-213,-0.36,31407,104.69,25
367,Exit short,2026-05-15 10:13,ORS2x,29585.25,1,59028.5,-143,-0.24,1,179,0.30,-142.5,-0.24,31264.5,104.21,24
367,Entry short,2026-05-15 09:49,ORS2,29514.25,1,59028.5,-143,-0.24,1,179,0.30,-142.5,-0.24,31264.5,104.21,24
368,Exit short,2026-05-18 10:32,ORSx,29394.25,1,59005.5,216,0.37,1,216.5,0.37,-199,-0.34,31480,104.93,42
368,Entry short,2026-05-18 09:50,ORS,29502.75,1,59005.5,216,0.37,1,216.5,0.37,-199,-0.34,31480,104.93,42
369,Exit short,2026-05-18 10:32,ORS2x,29394.25,1,59104,314.5,0.53,1,315,0.53,-100.5,-0.17,31795,105.98,40
369,Entry short,2026-05-18 09:52,ORS2,29552,1,59104,314.5,0.53,1,315,0.53,-100.5,-0.17,31795,105.98,40
370,Exit long,2026-05-19 03:06,HAL-Lx,29326.75,4,234220,390,0.17,4,392,0.17,-152,-0.06,32185,107.28,37
370,Entry long,2026-05-19 02:29,HAL-L,29277.5,4,234220,390,0.17,4,392,0.17,-152,-0.06,32185,107.28,37
371,Exit long,2026-05-20 02:17,HAL-Lx,29295,4,233908,448,0.19,4,450,0.19,-252,-0.11,32633,108.78,33
371,Entry long,2026-05-20 01:44,HAL-L,29238.5,4,233908,448,0.19,4,450,0.19,-252,-0.11,32633,108.78,33
372,Exit long,2026-05-20 11:15,IBLx,29594.5,2,117881,495,0.42,2,496,0.42,-27,-0.02,33128,110.43,40
372,Entry long,2026-05-20 10:35,IBL,29470.25,2,117881,495,0.42,2,496,0.42,-27,-0.02,33128,110.43,40
373,Exit short,2026-05-21 01:47,HAL-Sx,29651,4,237518,306,0.13,4,308,0.13,-24,-0.01,33434,111.45,18
373,Entry short,2026-05-21 01:29,HAL-S,29689.75,4,237518,306,0.13,4,308,0.13,-24,-0.01,33434,111.45,18
374,Exit short,2026-05-22 01:33,HAL-Sx,29862,4,239038,138,0.06,4,140,0.06,-54,-0.02,33572,111.91,4
374,Entry short,2026-05-22 01:29,HAL-S,29879.75,4,239038,138,0.06,4,140,0.06,-54,-0.02,33572,111.91,4
375,Exit long,2026-05-25 01:51,HAL-Lx,30266.75,4,242280,-150,-0.06,4,4,0.00,-148,-0.06,33422,111.41,7
375,Entry long,2026-05-25 01:44,HAL-L,30285,4,242280,-150,-0.06,4,4,0.00,-148,-0.06,33422,111.41,7
376,Exit short,2026-05-25 11:40,IBSx,30215.75,2,120986,121,0.10,2,122,0.10,-151,-0.12,33542,111.81,30
376,Entry short,2026-05-25 11:10,IBS,30246.5,2,120986,121,0.10,2,122,0.10,-151,-0.12,33542,111.81,30
377,Exit short,2026-05-25 11:40,IBS2x,30215.75,2,121041,176,0.15,2,177,0.15,-96,-0.08,33719,112.40,30
377,Entry short,2026-05-25 11:10,IBS2,30260.25,2,121041,176,0.15,2,177,0.15,-96,-0.08,33719,112.40,30
378,Exit long,2026-05-26 03:09,HAL-Lx,30076.25,4,241042,-436,-0.18,4,70,0.03,-434,-0.18,33283,110.94,55
378,Entry long,2026-05-26 02:14,HAL-L,30130.25,4,241042,-436,-0.18,4,70,0.03,-434,-0.18,33283,110.94,55
379,Exit short,2026-05-26 03:32,HAL-RSx,30044.75,4,240590,228,0.09,4,230,0.10,-70,-0.03,33511,111.70,18
379,Entry short,2026-05-26 03:14,HAL-RS,30073.75,4,240590,228,0.09,4,230,0.10,-70,-0.03,33511,111.70,18
380,Exit long,2026-05-26 15:30,EOD flat,30356,2,121251,171,0.14,2,187,0.15,-537,-0.44,33681,112.27,263
380,Entry long,2026-05-26 11:07,IBL,30312.75,2,121251,171,0.14,2,187,0.15,-537,-0.44,33681,112.27,263
381,Exit long,2026-05-26 15:30,EOD flat,30356,2,120994,428,0.35,2,444,0.37,-280,-0.23,34110,113.70,224
381,Entry long,2026-05-26 11:46,IBL2,30248.5,2,120994,428,0.35,2,444,0.37,-280,-0.23,34110,113.70,224
382,Exit short,2026-05-27 03:22,HAL-Sx,30414.25,4,243002,-316,-0.13,4,210,0.09,-314,-0.13,33794,112.65,53
382,Entry short,2026-05-27 02:29,HAL-S,30375.25,4,243002,-316,-0.13,4,210,0.09,-314,-0.13,33794,112.65,53
383,Exit long,2026-05-27 04:08,HAL-RLx,30448.75,4,243346,240,0.10,4,242,0.10,-100,-0.04,34034,113.45,39
383,Entry long,2026-05-27 03:29,HAL-RL,30418.25,4,243346,240,0.10,4,242,0.10,-100,-0.04,34034,113.45,39
384,Exit short,2026-05-27 10:27,ORSx,30188.25,1,60628.5,251,0.41,1,251.5,0.41,-157,-0.26,34284.5,114.28,37
384,Entry short,2026-05-27 09:50,ORS,30314.25,1,60628.5,251,0.41,1,251.5,0.41,-157,-0.26,34284.5,114.28,37
385,Exit short,2026-05-27 10:27,ORS2x,30188.25,1,60742.5,365,0.60,1,365.5,0.60,-43,-0.07,34650,115.50,26
385,Entry short,2026-05-27 10:01,ORS2,30371.25,1,60742.5,365,0.60,1,365.5,0.60,-43,-0.07,34650,115.50,26
386,Exit short,2026-05-27 15:30,EOD flat,30326,2,121031,-275,-0.23,2,348,0.29,-403,-0.33,34374,114.58,294
386,Entry short,2026-05-27 10:36,IBS,30257.75,2,121031,-275,-0.23,2,348,0.29,-403,-0.33,34374,114.58,294
387,Exit short,2026-05-27 15:30,EOD flat,30326,2,121335,29,0.02,2,581,0.48,-99,-0.08,34404,114.68,165
387,Entry short,2026-05-27 12:45,IBS2,30333.75,2,121335,29,0.02,2,581,0.48,-99,-0.08,34404,114.68,165
388,Exit long,2026-05-28 01:54,HAL-Lx,30200,4,241080,516,0.21,4,518,0.21,-68,-0.03,34920,116.40,25
388,Entry long,2026-05-28 01:29,HAL-L,30135,4,241080,516,0.21,4,518,0.21,-68,-0.03,34920,116.40,25
389,Exit short,2026-05-28 10:12,ORSx,30406,1,60557.5,-255.5,-0.42,1,76,0.13,-255,-0.42,34664,115.55,20
389,Entry short,2026-05-28 09:52,ORS,30278.75,1,60557.5,-255.5,-0.42,1,76,0.13,-255,-0.42,34664,115.55,20
390,Exit short,2026-05-28 10:12,ORS2x,30406,1,60642,-171,-0.28,1,42.5,0.07,-170.5,-0.28,34493.5,114.98,4
390,Entry short,2026-05-28 10:08,ORS2,30321,1,60642,-171,-0.28,1,42.5,0.07,-170.5,-0.28,34493.5,114.98,4
391,Exit long,2026-05-29 02:52,HAL-Lx,30639.75,4,244926,188,0.08,4,190,0.08,-86,-0.04,34681.5,115.61,38
391,Entry long,2026-05-29 02:14,HAL-L,30615.75,4,244926,188,0.08,4,190,0.08,-86,-0.04,34681.5,115.61,38
392,Exit short,2026-05-29 15:30,EOD flat,30680,2,122937,215,0.17,2,599,0.49,-29,-0.02,34896.5,116.32,200
392,Entry short,2026-05-29 12:10,IBS,30734.25,2,122937,215,0.17,2,599,0.49,-29,-0.02,34896.5,116.32,200
393,Exit long,2026-06-02 02:36,HAL-Lx,30801.75,4,246118,292,0.12,4,294,0.12,-106,-0.04,35188.5,117.29,67
393,Entry long,2026-06-02 01:29,HAL-L,30764.75,4,246118,292,0.12,4,294,0.12,-106,-0.04,35188.5,117.29,67
394,Exit long,2026-06-03 06:07,HAL-Lx,31069.5,4,248186,366,0.15,4,368,0.15,-352,-0.14,35554.5,118.51,173
394,Entry long,2026-06-03 03:14,HAL-L,31023.25,4,248186,366,0.15,4,368,0.15,-352,-0.14,35554.5,118.51,173
395,Exit short,2026-06-03 12:18,ORSx,30860.5,1,61924.5,202.5,0.33,1,203,0.33,-141.5,-0.23,35756.5,119.19,126
395,Entry short,2026-06-03 10:12,ORS,30962.25,1,61924.5,202.5,0.33,1,203,0.33,-141.5,-0.23,35756.5,119.19,126
396,Exit short,2026-06-03 12:18,ORS2x,30860.5,1,62017,295,0.48,1,295.5,0.48,-49,-0.08,36052,120.17,109
396,Entry short,2026-06-03 10:29,ORS2,31008.5,1,62017,295,0.48,1,295.5,0.48,-49,-0.08,36052,120.17,109
397,Exit long,2026-06-04 04:07,HAL-Lx,30743,4,246502,-562,-0.23,4,210,0.09,-560,-0.23,35490,118.30,83
397,Entry long,2026-06-04 02:44,HAL-L,30812.75,4,246502,-562,-0.23,4,210,0.09,-560,-0.23,35490,118.30,83
398,Exit short,2026-06-04 05:01,HAL-RSx,30603.25,4,245586,756,0.31,4,758,0.31,-158,-0.06,36246,120.82,47
398,Entry short,2026-06-04 04:14,HAL-RS,30698.25,4,245586,756,0.31,4,758,0.31,-158,-0.06,36246,120.82,47
399,Exit short,2026-06-05 02:46,HAL-Sx,30406.25,4,243704,450,0.18,4,452,0.19,-356,-0.15,36696,122.32,47
399,Entry short,2026-06-05 01:59,HAL-S,30463,4,243704,450,0.18,4,452,0.19,-356,-0.15,36696,122.32,47
400,Exit short,2026-06-08 10:36,ORSx,29878,1,59568.5,-188.5,-0.32,1,23,0.04,-188,-0.32,36507.5,121.69,11
400,Entry short,2026-06-08 10:25,ORS,29784.25,1,59568.5,-188.5,-0.32,1,23,0.04,-188,-0.32,36507.5,121.69,11
401,Exit long,2026-06-09 02:15,HAL-Lx,29954.25,4,239374,256,0.11,4,258,0.11,-98,-0.04,36763.5,122.54,31
401,Entry long,2026-06-09 01:44,HAL-L,29921.75,4,239374,256,0.11,4,258,0.11,-98,-0.04,36763.5,122.54,31
402,Exit long,2026-06-09 10:00,ORLx,29926.25,1,60057,-205.5,-0.34,1,22.5,0.04,-205,-0.34,36558,121.86,6
402,Entry long,2026-06-09 09:54,ORL,30028.5,1,60057,-205.5,-0.34,1,22.5,0.04,-205,-0.34,36558,121.86,6
403,Exit long,2026-06-10 04:03,HAL-Lx,29178.25,4,234164,-742,-0.32,4,288,0.12,-740,-0.32,35816,119.39,109
403,Entry long,2026-06-10 02:14,HAL-L,29270.5,4,234164,-742,-0.32,4,288,0.12,-740,-0.32,35816,119.39,109
404,Exit short,2026-06-10 04:43,HAL-RSx,29095.25,4,233362,596,0.26,4,598,0.26,-146,-0.06,36412,121.37,29
404,Entry short,2026-06-10 04:14,HAL-RS,29170.25,4,233362,596,0.26,4,598,0.26,-146,-0.06,36412,121.37,29
405,Exit long,2026-06-10 10:09,ORLx,29415.75,1,58608,222.5,0.38,1,223,0.38,-84,-0.14,36634.5,122.12,18
405,Entry long,2026-06-10 09:51,ORL,29304,1,58608,222.5,0.38,1,223,0.38,-84,-0.14,36634.5,122.12,18
406,Exit long,2026-06-10 11:11,IBLx,29064.75,2,117640,-1383,-1.18,2,39,0.03,-1382,-1.17,35250.5,117.50,27
406,Entry long,2026-06-10 10:44,IBL,29410,2,117640,-1383,-1.18,2,39,0.03,-1382,-1.17,35250.5,117.50,27
407,Exit long,2026-06-10 11:11,IBL2x,29064.75,2,117180,-923,-0.79,2,0,0.00,-922,-0.79,34328.5,114.43,16
407,Entry long,2026-06-10 10:55,IBL2,29295,2,117180,-923,-0.79,2,0,0.00,-922,-0.79,34328.5,114.43,16
408,Exit long,2026-06-11 03:23,HAL-Lx,29151.25,4,232678,528,0.23,4,530,0.23,-226,-0.10,34856.5,116.19,24
408,Entry long,2026-06-11 02:59,HAL-L,29084.75,4,232678,528,0.23,4,530,0.23,-226,-0.10,34856.5,116.19,24
409,Exit short,2026-06-12 01:50,HAL-Sx,29704.5,4,238186,546,0.23,4,548,0.23,-44,-0.02,35402.5,118.01,6
409,Entry short,2026-06-12 01:44,HAL-S,29773.25,4,238186,546,0.23,4,548,0.23,-44,-0.02,35402.5,118.01,6
410,Exit short,2026-06-12 10:03,ORSx,29796,1,59234.5,-358.5,-0.61,1,135.5,0.23,-358,-0.60,35043.5,116.81,16
410,Entry short,2026-06-12 09:47,ORS,29617.25,1,59234.5,-358.5,-0.61,1,135.5,0.23,-358,-0.60,35043.5,116.81,16
411,Exit short,2026-06-12 10:03,ORS2x,29796,1,59353.5,-239.5,-0.40,1,94,0.16,-239,-0.40,34804.5,116.02,6
411,Entry short,2026-06-12 09:57,ORS2,29676.75,1,59353.5,-239.5,-0.40,1,94,0.16,-239,-0.40,34804.5,116.02,6
412,Exit long,2026-06-12 13:06,IBLx,30039.75,2,118890,1267,1.07,2,1268,1.07,-86,-0.07,36071.5,120.24,67
412,Entry long,2026-06-12 11:59,IBL,29722.5,2,118890,1267,1.07,2,1268,1.07,-86,-0.07,36071.5,120.24,67
413,Exit long,2026-06-15 03:01,HAL-Lx,30522.25,4,244424,-250,-0.10,4,54,0.02,-248,-0.10,35821.5,119.41,17
413,Entry long,2026-06-15 02:44,HAL-L,30553,4,244424,-250,-0.10,4,54,0.02,-248,-0.10,35821.5,119.41,17
414,Exit long,2026-06-15 10:03,ORLx,30749,1,61404,93,0.15,1,93.5,0.15,-27,-0.04,35914.5,119.71,4
414,Entry long,2026-06-15 09:59,ORL,30702,1,61404,93,0.15,1,93.5,0.15,-27,-0.04,35914.5,119.71,4
415,Exit short,2026-06-16 03:09,HAL-Sx,30844.75,4,246464,-298,-0.12,4,82,0.03,-296,-0.12,35616.5,118.72,85
415,Entry short,2026-06-16 01:44,HAL-S,30808,4,246464,-298,-0.12,4,82,0.03,-296,-0.12,35616.5,118.72,85
416,Exit long,2026-06-16 04:53,HAL-RLx,30927,4,246970,442,0.18,4,444,0.18,-60,-0.02,36058.5,120.20,39
416,Entry long,2026-06-16 04:14,HAL-RL,30871.25,4,246970,442,0.18,4,444,0.18,-60,-0.02,36058.5,120.20,39
417,Exit long,2026-06-17 02:45,HAL-Lx,30539.5,4,244094,218,0.09,4,220,0.09,-220,-0.09,36276.5,120.92,61
417,Entry long,2026-06-17 01:44,HAL-L,30511.75,4,244094,218,0.09,4,220,0.09,-220,-0.09,36276.5,120.92,61
418,Exit long,2026-06-18 02:08,HAL-Lx,30323.75,4,242902,-316,-0.13,4,120,0.05,-314,-0.13,35960.5,119.87,39
418,Entry long,2026-06-18 01:29,HAL-L,30362.75,4,242902,-316,-0.13,4,120,0.05,-314,-0.13,35960.5,119.87,39
419,Exit long,2026-06-18 13:05,IBLx,30718.5,2,122070,802,0.66,2,803,0.66,-87,-0.07,36762.5,122.54,87
419,Entry long,2026-06-18 11:38,IBL,30517.5,2,122070,802,0.66,2,803,0.66,-87,-0.07,36762.5,122.54,87
420,Exit short,2026-06-19 01:51,HAL-Sx,30453.75,4,243264,-370,-0.15,4,0,0.00,-368,-0.15,36392.5,121.31,7
420,Entry short,2026-06-19 01:44,HAL-S,30408,4,243264,-370,-0.15,4,0,0.00,-368,-0.15,36392.5,121.31,7
421,Exit long,2026-06-19 02:55,HAL-RLx,30552.5,4,243860,556,0.23,4,558,0.23,-32,-0.01,36948.5,123.16,56
421,Entry long,2026-06-19 01:59,HAL-RL,30482.5,4,243860,556,0.23,4,558,0.23,-32,-0.01,36948.5,123.16,56
422,Exit long,2026-06-21 18:00,IBLx,30580.5,2,122659,-339,-0.28,2,156,0.13,-338,-0.28,36609.5,122.03,84
422,Entry long,2026-06-19 11:36,IBL,30664.75,2,122659,-339,-0.28,2,156,0.13,-338,-0.28,36609.5,122.03,84
423,Exit long,2026-06-22 03:20,HAL-Lx,30781.75,4,245458,792,0.32,4,794,0.32,-54,-0.02,37401.5,124.67,66
423,Entry long,2026-06-22 02:14,HAL-L,30682.25,4,245458,792,0.32,4,794,0.32,-54,-0.02,37401.5,124.67,66
424,Exit short,2026-06-23 01:57,HAL-Sx,30113.25,4,241494,584,0.24,4,586,0.24,-26,-0.01,37985.5,126.62,28
424,Entry short,2026-06-23 01:29,HAL-S,30186.75,4,241494,584,0.24,4,586,0.24,-26,-0.01,37985.5,126.62,28
425,Exit long,2026-06-24 03:35,HAL-Lx,29779.75,4,238686,-452,-0.19,4,390,0.16,-450,-0.19,37533.5,125.11,126
425,Entry long,2026-06-24 01:29,HAL-L,29835.75,4,238686,-452,-0.19,4,390,0.16,-450,-0.19,37533.5,125.11,126
426,Exit short,2026-06-24 04:05,HAL-RSx,29834.25,4,238158,-520,-0.22,4,52,0.02,-518,-0.22,37013.5,123.38,6
426,Entry short,2026-06-24 03:59,HAL-RS,29769.75,4,238158,-520,-0.22,4,52,0.02,-518,-0.22,37013.5,123.38,6
427,Exit short,2026-06-24 10:20,ORSx,29532,1,59328,263,0.44,1,263.5,0.44,-252.5,-0.43,37276,124.25,31
427,Entry short,2026-06-24 09:49,ORS,29664,1,59328,263,0.44,1,263.5,0.44,-252.5,-0.43,37276,124.25,31
428,Exit short,2026-06-24 10:20,ORS2x,29532,1,59447.5,382.5,0.64,1,383,0.64,-133,-0.22,37659,125.53,30
428,Entry short,2026-06-24 09:50,ORS2,29723.75,1,59447.5,382.5,0.64,1,383,0.64,-133,-0.22,37659,125.53,30
429,Exit long,2026-06-25 03:05,HAL-Lx,30141,4,240746,378,0.16,4,380,0.16,-126,-0.05,38037,126.79,96
429,Entry long,2026-06-25 01:29,HAL-L,30093.25,4,240746,378,0.16,4,380,0.16,-126,-0.05,38037,126.79,96
430,Exit short,2026-06-25 12:45,ORSx,29609.75,1,59718,497.5,0.83,1,498,0.83,-25.5,-0.04,38534.5,128.45,29
430,Entry short,2026-06-25 12:16,ORS,29859,1,59718,497.5,0.83,1,498,0.83,-25.5,-0.04,38534.5,128.45,29
431,Exit long,2026-06-26 02:46,HAL-Lx,29471,4,234952,812,0.35,4,814,0.35,-666,-0.28,39346.5,131.16,77
431,Entry long,2026-06-26 01:29,HAL-L,29369,4,234952,812,0.35,4,814,0.35,-666,-0.28,39346.5,131.16,77
432,Exit long,2026-06-26 15:30,EOD flat,29452.25,2,118174,-367,-0.31,2,626,0.53,-619,-0.52,38978.5,129.93,216
432,Entry long,2026-06-26 11:54,IBL,29543.5,2,118174,-367,-0.31,2,626,0.53,-619,-0.52,38978.5,129.93,216
433,Exit long,2026-06-26 15:30,EOD flat,29452.25,2,117692,115,0.10,2,327,0.28,-137,-0.12,39094.5,130.32,40
433,Entry long,2026-06-26 14:50,IBL2,29423,2,117692,115,0.10,2,327,0.28,-137,-0.12,39094.5,130.32,40
434,Exit long,2026-06-29 09:51,ORLx,29819,1,59471,166,0.28,1,166.5,0.28,-29,-0.05,39260.5,130.87,1
434,Entry long,2026-06-29 09:50,ORL,29735.5,1,59471,166,0.28,1,166.5,0.28,-29,-0.05,39260.5,130.87,1
435,Exit short,2026-06-30 02:33,HAL-Sx,30110.75,4,241288,398,0.16,4,400,0.17,-102,-0.04,39658.5,132.20,64
435,Entry short,2026-06-30 01:29,HAL-S,30161,4,241288,398,0.16,4,400,0.17,-102,-0.04,39658.5,132.20,64
436,Exit long,2026-06-30 12:54,IBLx,30545.5,2,121316,864,0.71,2,865,0.71,-188,-0.15,40522.5,135.07,121
436,Entry long,2026-06-30 10:53,IBL,30329,2,121316,864,0.71,2,865,0.71,-188,-0.15,40522.5,135.07,121
437,Exit short,2026-07-01 02:16,HAL-Sx,30398.25,4,243432,242,0.10,4,244,0.10,-124,-0.05,40764.5,135.88,17
437,Entry short,2026-07-01 01:59,HAL-S,30429,4,243432,242,0.10,4,244,0.10,-124,-0.05,40764.5,135.88,17
438,Exit long,2026-07-01 15:30,EOD flat,30225.75,2,121069,-168,-0.14,2,54,0.04,-674,-0.56,40595.5,135.32,221
438,Entry long,2026-07-01 11:49,IBL,30267.25,2,121069,-168,-0.14,2,54,0.04,-674,-0.56,40595.5,135.32,221
439,Exit long,2026-07-01 15:30,EOD flat,30225.75,2,120829,72,0.06,2,136,0.11,-434,-0.36,40668.5,135.56,169
439,Entry long,2026-07-01 12:41,IBL2,30207.25,2,120829,72,0.06,2,136,0.11,-434,-0.36,40668.5,135.56,169
440,Exit short,2026-07-02 02:13,HAL-Sx,29964,4,240434,718,0.30,4,720,0.30,-150,-0.06,41386.5,137.96,29
440,Entry short,2026-07-02 01:44,HAL-S,30054.25,4,240434,718,0.30,4,720,0.30,-150,-0.06,41386.5,137.96,29
441,Exit long,2026-07-02 10:27,ORLx,30007,1,60195,-182,-0.30,1,77.5,0.13,-181.5,-0.30,41204.5,137.35,6
441,Entry long,2026-07-02 10:21,ORL,30097.5,1,60195,-182,-0.30,1,77.5,0.13,-181.5,-0.30,41204.5,137.35,6
442,Exit short,2026-07-02 10:42,IBSx,29795.25,2,120024,841,0.70,2,842,0.70,-3,0.00,42045.5,140.15,11
442,Entry short,2026-07-02 10:31,IBS,30006,2,120024,841,0.70,2,842,0.70,-3,0.00,42045.5,140.15,11
443,Exit long,2026-07-03 09:30,HAL-Lx,29945.25,4,238974,584,0.24,4,586,0.25,-370,-0.15,42629.5,142.10,436
443,Entry long,2026-07-03 02:14,HAL-L,29871.75,4,238974,584,0.24,4,586,0.25,-370,-0.15,42629.5,142.10,436
444,Exit short,2026-07-05 18:00,IBSx,29956.25,2,119690,-137,-0.11,2,103,0.09,-136,-0.11,42492.5,141.64,16
444,Entry short,2026-07-03 12:44,IBS,29922.5,2,119690,-137,-0.11,2,103,0.09,-136,-0.11,42492.5,141.64,16
445,Exit long,2026-07-06 09:49,ORLx,29953.5,1,59793.5,112.5,0.19,1,113,0.19,-2.5,0.00,42605,142.02,2
445,Entry long,2026-07-06 09:47,ORL,29896.75,1,59793.5,112.5,0.19,1,113,0.19,-2.5,0.00,42605,142.02,2
446,Exit long,2026-07-06 15:30,EOD flat,30016.5,2,119902,162,0.14,2,473,0.39,-376,-0.31,42766,142.55,257
446,Entry long,2026-07-06 11:13,IBL,29975.5,2,119902,162,0.14,2,473,0.39,-376,-0.31,42766,142.55,257
447,Exit long,2026-07-06 15:30,EOD flat,30016.5,2,119636,428,0.36,2,571,0.48,-110,-0.09,43195,143.98,110
447,Entry long,2026-07-06 13:40,IBL2,29909,2,119636,428,0.36,2,571,0.48,-110,-0.09,43195,143.98,110
448,Exit long,2026-07-07 03:15,HAL-Lx,29727.75,4,237284,534,0.23,4,536,0.23,-236,-0.10,43729,145.76,91
448,Entry long,2026-07-07 01:44,HAL-L,29660.5,4,237284,534,0.23,4,536,0.23,-236,-0.10,43729,145.76,91
449,Exit short,2026-07-07 15:30,EOD flat,29357.5,2,117465,33,0.03,2,382,0.33,-860,-0.73,43761,145.87,223
449,Entry short,2026-07-07 11:47,IBS,29366.25,2,117465,33,0.03,2,382,0.33,-860,-0.73,43761,145.87,223
450,Exit short,2026-07-07 15:30,EOD flat,29357.5,2,117892,460,0.39,2,809,0.69,-433,-0.37,44222,147.41,191
450,Entry short,2026-07-07 12:19,IBS2,29473,2,117892,460,0.39,2,809,0.69,-433,-0.37,44222,147.41,191
451,Exit long,2026-07-08 10:47,ORLx,29201.5,1,58679,-277,-0.47,1,110.5,0.19,-276.5,-0.47,43944.5,146.48,58
451,Entry long,2026-07-08 09:49,ORL,29339.5,1,58679,-277,-0.47,1,110.5,0.19,-276.5,-0.47,43944.5,146.48,58
452,Exit long,2026-07-08 10:47,ORL2x,29201.5,1,58587,-185,-0.32,1,202.5,0.35,-184.5,-0.31,43760,145.87,57
452,Entry long,2026-07-08 09:50,ORL2,29293.5,1,58587,-185,-0.32,1,202.5,0.35,-184.5,-0.31,43760,145.87,57
453,Exit long,2026-07-09 03:49,HAL-Lx,29695,4,236856,700,0.30,4,702,0.30,-282,-0.12,44460,148.20,110
453,Entry long,2026-07-09 01:59,HAL-L,29607,4,236856,700,0.30,4,702,0.30,-282,-0.12,44460,148.20,110
454,Exit long,2026-07-09 09:51,ORLx,29891.25,1,59642.5,139,0.23,1,139.5,0.23,-26,-0.04,44599,148.66,3
454,Entry long,2026-07-09 09:48,ORL,29821.25,1,59642.5,139,0.23,1,139.5,0.23,-26,-0.04,44599,148.66,3
455,Exit short,2026-07-10 02:20,HAL-Sx,29809.25,4,238764,286,0.12,4,288,0.12,-98,-0.04,44885,149.62,21
455,Entry short,2026-07-10 01:59,HAL-S,29845.5,4,238764,286,0.12,4,288,0.12,-98,-0.04,44885,149.62,21
456,Exit short,2026-07-13 10:16,ORSx,29496.25,1,59197,203.5,0.34,1,204,0.34,-129.5,-0.22,45088,150.29,30
456,Entry short,2026-07-13 09:46,ORS,29598.5,1,59197,203.5,0.34,1,204,0.34,-129.5,-0.22,45088,150.29,30
457,Exit short,2026-07-13 10:16,ORS2x,29496.25,1,59289.5,296,0.50,1,296.5,0.50,-37,-0.06,45384.5,151.28,16
457,Entry short,2026-07-13 10:00,ORS2,29644.75,1,59289.5,296,0.50,1,296.5,0.50,-37,-0.06,45384.5,151.28,16
458,Exit long,2026-07-14 08:30,HAL-Lx,29706.75,4,236830,820,0.35,4,822,0.35,-468,-0.20,46204.5,154.01,421
458,Entry long,2026-07-14 01:29,HAL-L,29603.75,4,236830,820,0.35,4,822,0.35,-468,-0.20,46204.5,154.01,421
459,Exit short,2026-07-14 11:04,ORSx,29815.25,1,59500,-131.5,-0.22,1,178.5,0.30,-131,-0.22,46073,153.58,31
459,Entry short,2026-07-14 10:33,ORS,29750,1,59500,-131.5,-0.22,1,178.5,0.30,-131,-0.22,46073,153.58,31
460,Exit short,2026-07-15 03:05,HAL-Sx,30058.75,4,239848,-626,-0.26,4,108,0.05,-624,-0.26,45447,151.49,96
460,Entry short,2026-07-15 01:29,HAL-S,29981,4,239848,-626,-0.26,4,108,0.05,-624,-0.26,45447,151.49,96
461,Exit short,2026-07-15 10:20,ORSx,29786.5,1,59735.5,161.5,0.27,1,162,0.27,-49.5,-0.08,45608.5,152.03,17
461,Entry short,2026-07-15 10:03,ORS,29867.75,1,59735.5,161.5,0.27,1,162,0.27,-49.5,-0.08,45608.5,152.03,17
462,Exit long,2026-07-16 01:35,HAL-Lx,29697,4,238132,-560,-0.24,4,238,0.10,-558,-0.23,45048.5,150.16,6
462,Entry long,2026-07-16 01:29,HAL-L,29766.5,4,238132,-560,-0.24,4,238,0.10,-558,-0.23,45048.5,150.16,6
463,Exit short,2026-07-16 02:17,HAL-RSx,29748.25,4,237494,-496,-0.21,4,324,0.14,-494,-0.21,44552.5,148.51,18
463,Entry short,2026-07-16 01:59,HAL-RS,29686.75,4,237494,-496,-0.21,4,324,0.14,-494,-0.21,44552.5,148.51,18
464,Exit short,2026-07-16 13:41,ORSx,29241.25,1,58729,245.5,0.42,1,246,0.42,-289.5,-0.49,44797.5,149.32,221
464,Entry short,2026-07-16 10:00,ORS,29364.5,1,58729,245.5,0.42,1,246,0.42,-289.5,-0.49,44797.5,149.32,221
465,Exit short,2026-07-16 13:41,ORS2x,29241.25,1,58840.5,357,0.61,1,357.5,0.61,-178,-0.30,45155,150.52,216
465,Entry short,2026-07-16 10:05,ORS2,29420.25,1,58840.5,357,0.61,1,357.5,0.61,-178,-0.30,45155,150.52,216
466,Exit short,2026-07-17 02:25,HAL-Sx,28820.25,4,230068,-498,-0.22,4,290,0.13,-496,-0.22,44657,148.86,41
466,Entry short,2026-07-17 01:44,HAL-S,28758.5,4,230068,-498,-0.22,4,290,0.13,-496,-0.22,44657,148.86,41
467,Exit long,2026-07-17 10:32,HAL-RLx,28787,4,230654,-362,-0.16,4,146,0.06,-360,-0.16,44295,147.65,3
467,Entry long,2026-07-17 10:29,HAL-RL,28831.75,4,230654,-362,-0.16,4,146,0.06,-360,-0.16,44295,147.65,3
468,Exit long,2026-07-17 13:01,IBLx,29031.5,2,115070,1054,0.92,2,1055,0.92,-383,-0.33,45349,151.16,130
468,Entry long,2026-07-17 10:51,IBL,28767.5,2,115070,1054,0.92,2,1055,0.92,-383,-0.33,45349,151.16,130
469,Exit short,2026-07-20 15:13,IBSx,28822,2,116200,910,0.78,2,911,0.78,-275,-0.24,46259,154.20,199
469,Entry short,2026-07-20 11:54,IBS,29050,2,116200,910,0.78,2,911,0.78,-275,-0.24,46259,154.20,199
470,Exit long,2026-07-21 01:51,HAL-Lx,29096.25,4,232532,234,0.10,4,236,0.10,-236,-0.10,46493,154.98,22
470,Entry long,2026-07-21 01:29,HAL-L,29066.5,4,232532,234,0.10,4,236,0.10,-236,-0.10,46493,154.98,22
471,Exit short,2026-07-21 09:57,ORSx,29093.5,1,58317,129,0.22,1,129.5,0.22,-40.5,-0.07,46622,155.41,7
471,Entry short,2026-07-21 09:50,ORS,29158.5,1,58317,129,0.22,1,129.5,0.22,-40.5,-0.07,46622,155.41,7
472,Exit short,2026-07-22 02:17,HAL-Sx,29111,4,233324,432,0.19,4,434,0.19,-164,-0.07,47054,156.85,48
472,Entry short,2026-07-22 01:29,HAL-S,29165.5,4,233324,432,0.19,4,434,0.19,-164,-0.07,47054,156.85,48
473,Exit long,2026-07-23 01:50,HAL-Lx,29100.25,4,233366,-568,-0.24,4,102,0.04,-566,-0.24,46486,154.95,21
473,Entry long,2026-07-23 01:29,HAL-L,29170.75,4,233366,-568,-0.24,4,102,0.04,-566,-0.24,46486,154.95,21
474,Exit short,2026-07-23 03:01,HAL-RSx,29045.5,4,232696,328,0.14,4,330,0.14,-264,-0.11,46814,156.05,62
474,Entry short,2026-07-23 01:59,HAL-RS,29087,4,232696,328,0.14,4,330,0.14,-264,-0.11,46814,156.05,62
475,Exit short,2026-07-24 02:45,HAL-Sx,28495.75,4,228360,390,0.17,4,392,0.17,-252,-0.11,47204,157.35,46
475,Entry short,2026-07-24 01:59,HAL-S,28545,4,228360,390,0.17,4,392,0.17,-252,-0.11,47204,157.35,46
476,Exit short,2026-07-24 12:10,IBSx,28622.5,2,113843,-649,-0.57,2,422,0.37,-648,-0.57,46555,155.18,71
476,Entry short,2026-07-24 10:59,IBS,28460.75,2,113843,-649,-0.57,2,422,0.37,-648,-0.57,46555,155.18,71
477,Exit long,2026-07-27 02:09,HAL-Lx,28717.5,4,229436,300,0.13,4,302,0.13,-48,-0.02,46855,156.18,40
477,Entry long,2026-07-27 01:29,HAL-L,28679.5,4,229436,300,0.13,4,302,0.13,-48,-0.02,46855,156.18,40
478,Exit short,2026-07-28 09:50,ORSx,27794.5,1,55589,-1,0.00,1,0,0.00,0,0.00,46854,156.18,0
478,Entry short,2026-07-28 09:50,ORS,27794.5,1,55589,-1,0.00,1,0,0.00,0,0.00,46854,156.18,0
479,Exit long,2026-07-29 09:52,HAL-Lx,27735.25,4,223274,-1396,-0.63,4,1204,0.54,-1394,-0.62,45458,151.53,428
479,Entry long,2026-07-29 02:44,HAL-L,27909.25,4,223274,-1396,-0.63,4,1204,0.54,-1394,-0.62,45458,151.53,428
480,Exit short,2026-07-29 10:24,HAL-RSx,27634.25,4,221874,796,0.36,4,798,0.36,-744,-0.34,46254,154.18,25
480,Entry short,2026-07-29 09:59,HAL-RS,27734.25,4,221874,796,0.36,4,798,0.36,-744,-0.34,46254,154.18,25
481,Exit short,2026-07-29 14:46,IBSx,27997.25,2,110613,-1378,-1.25,2,976,0.88,-1377,-1.24,44875,149.58,218
481,Entry short,2026-07-29 11:08,IBS,27653.25,2,110613,-1378,-1.25,2,976,0.88,-1377,-1.24,44875,149.58,218
482,Exit short,2026-07-29 14:46,IBS2x,27997.25,2,111071,-920,-0.83,2,255,0.23,-919,-0.83,43956,146.52,46
482,Entry short,2026-07-29 14:00,IBS2,27767.75,2,111071,-920,-0.83,2,255,0.23,-919,-0.83,43956,146.52,46
483,Exit long,2026-07-30 01:46,HAL-Lx,27530.25,4,219828,410,0.19,4,412,0.19,-110,-0.05,44366,147.89,17
483,Entry long,2026-07-30 01:29,HAL-L,27478.5,4,219828,410,0.19,4,412,0.19,-110,-0.05,44366,147.89,17
484,Exit long,2026-07-30 15:30,EOD flat,28252.25,2,112533,474,0.42,2,658,0.58,-552,-0.49,44839,149.46,282
484,Entry long,2026-07-30 10:48,IBL,28133.25,2,112533,474,0.42,2,658,0.58,-552,-0.49,44839,149.46,282
485,Exit long,2026-07-30 15:30,EOD flat,28252.25,2,112106,901,0.80,2,1085,0.97,-125,-0.11,45741,152.47,274
485,Entry long,2026-07-30 10:56,IBL2,28026.5,2,112106,901,0.80,2,1085,0.97,-125,-0.11,45741,152.47,274
486,Exit long,2026-07-31 02:10,HAL-Lx,28604.5,4,228586,246,0.11,4,248,0.11,-266,-0.12,45987,153.29,41
486,Entry long,2026-07-31 01:29,HAL-L,28573.25,4,228586,246,0.11,4,248,0.11,-266,-0.12,45987,153.29,41
487,Exit short,2026-07-31 15:30,EOD flat,28454,1,56985.5,76.5,0.13,1,194.5,0.34,-20.5,-0.04,46063.5,153.54,114
487,Entry short,2026-07-31 13:36,ORS,28492.75,1,56985.5,76.5,0.13,1,194.5,0.34,-20.5,-0.04,46063.5,153.54,114
488,Exit long,2026-08-04 01:38,HAL-Lx,29068.5,4,232208,336,0.14,4,338,0.15,-18,-0.01,46399.5,154.67,9
488,Entry long,2026-08-04 01:29,HAL-L,29026,4,232208,336,0.14,4,338,0.15,-18,-0.01,46399.5,154.67,9
489,Exit long,2026-08-05 01:59,HAL-Lx,29984.5,4,239536,336,0.14,4,338,0.14,-12,-0.01,46735.5,155.79,15
489,Entry long,2026-08-05 01:44,HAL-L,29942,4,239536,336,0.14,4,338,0.14,-12,-0.01,46735.5,155.79,15
490,Exit short,2026-08-06 07:00,HAL-Sx,29425,4,236046,642,0.27,4,644,0.27,-468,-0.20,47377.5,157.93,286
490,Entry short,2026-08-06 02:14,HAL-S,29505.75,4,236046,642,0.27,4,644,0.27,-468,-0.20,47377.5,157.93,286
491,Exit long,2026-08-06 15:30,EOD flat,29521,2,118240,-158,-0.13,2,261,0.22,-446,-0.38,47218.5,157.39,236
491,Entry long,2026-08-06 11:34,IBL,29560,2,118240,-158,-0.13,2,261,0.22,-446,-0.38,47218.5,157.39,236
492,Exit long,2026-08-06 15:30,EOD flat,29521,2,117815,267,0.23,2,488,0.41,-21,-0.02,47486.5,158.29,194
492,Entry long,2026-08-06 12:16,IBL2,29453.75,2,117815,267,0.23,2,488,0.41,-21,-0.02,47486.5,158.29,194
493,Exit long,2026-08-10 03:45,HAL-Lx,29973.5,4,239438,346,0.14,4,348,0.15,-346,-0.14,47832.5,159.44,106
493,Entry long,2026-08-10 01:59,HAL-L,29929.75,4,239438,346,0.14,4,348,0.15,-346,-0.14,47832.5,159.44,106
494,Exit short,2026-08-11 02:24,HAL-Sx,29778,4,238514,286,0.12,4,288,0.12,-124,-0.05,48118.5,160.40,55
494,Entry short,2026-08-11 01:29,HAL-S,29814.25,4,238514,286,0.12,4,288,0.12,-124,-0.05,48118.5,160.40,55
495,Exit short,2026-08-11 12:25,ORSx,29629.5,1,59521.5,261.5,0.44,1,262,0.44,-89,-0.15,48380,161.27,144
495,Entry short,2026-08-11 10:01,ORS,29760.75,1,59521.5,261.5,0.44,1,262,0.44,-89,-0.15,48380,161.27,144
496,Exit long,2026-08-12 03:00,HAL-Lx,29743.25,4,237726,216,0.09,4,218,0.09,-146,-0.06,48596,161.99,61
496,Entry long,2026-08-12 01:59,HAL-L,29715.75,4,237726,216,0.09,4,218,0.09,-146,-0.06,48596,161.99,61
497,Exit short,2026-08-12 15:30,EOD flat,29857.25,2,119700,269,0.22,2,424,0.35,-28,-0.02,48865,162.88,292
497,Entry short,2026-08-12 10:38,IBS,29925,2,119700,269,0.22,2,424,0.35,-28,-0.02,48865,162.88,292
498,Exit long,2026-08-13 02:01,HAL-Lx,29873.75,4,239368,-382,-0.16,4,24,0.01,-380,-0.16,48483,161.61,32
498,Entry long,2026-08-13 01:29,HAL-L,29921,4,239368,-382,-0.16,4,24,0.01,-380,-0.16,48483,161.61,32
499,Exit short,2026-08-13 09:09,HAL-RSx,29917,4,238900,-440,-0.18,4,394,0.16,-438,-0.18,48043,160.14,385
499,Entry short,2026-08-13 02:44,HAL-RS,29862.5,4,238900,-440,-0.18,4,394,0.16,-438,-0.18,48043,160.14,385
500,Exit long,2026-08-13 15:30,EOD flat,30224.75,2,120576,321,0.27,2,516,0.43,-161,-0.13,48364,161.21,236
500,Entry long,2026-08-13 11:34,IBL,30144,2,120576,321,0.27,2,516,0.43,-161,-0.13,48364,161.21,236
501,Exit short,2026-08-14 11:14,IBSx,30090.25,2,120684,321,0.27,2,322,0.27,-22,-0.02,48685,162.28,37
501,Entry short,2026-08-14 10:37,IBS,30171,2,120684,321,0.27,2,322,0.27,-22,-0.02,48685,162.28,37
502,Exit long,2026-08-17 02:04,HAL-Lx,30288.5,4,242104,200,0.08,4,202,0.08,-22,-0.01,48885,162.95,20
502,Entry long,2026-08-17 01:44,HAL-L,30263,4,242104,200,0.08,4,202,0.08,-22,-0.01,48885,162.95,20
503,Exit short,2026-08-18 04:04,HAL-Sx,29769,4,238720,564,0.24,4,566,0.24,-458,-0.19,49449,164.83,125
503,Entry short,2026-08-18 01:59,HAL-S,29840,4,238720,564,0.24,4,566,0.24,-458,-0.19,49449,164.83,125
504,Exit short,2026-08-18 15:30,EOD flat,29602.5,2,118677,265,0.22,2,487,0.41,-8,-0.01,49714,165.71,162
504,Entry short,2026-08-18 12:48,IBS,29669.25,2,118677,265,0.22,2,487,0.41,-8,-0.01,49714,165.71,162
505,Exit short,2026-08-19 02:53,HAL-Sx,29535.25,4,235786,-500,-0.21,4,342,0.15,-498,-0.21,49214,164.05,69
505,Entry short,2026-08-19 01:44,HAL-S,29473.25,4,235786,-500,-0.21,4,342,0.15,-498,-0.21,49214,164.05,69
506,Exit long,2026-08-19 04:04,HAL-RLx,29634.5,4,236468,604,0.26,4,606,0.26,-308,-0.13,49818,166.06,65
506,Entry long,2026-08-19 02:59,HAL-RL,29558.5,4,236468,604,0.26,4,606,0.26,-308,-0.13,49818,166.06,65
507,Exit short,2026-08-19 14:08,ORSx,29506,1,59302.5,289.5,0.49,1,290,0.49,-32.5,-0.05,50107.5,167.03,120
507,Entry short,2026-08-19 12:08,ORS,29651.25,1,59302.5,289.5,0.49,1,290,0.49,-32.5,-0.05,50107.5,167.03,120
508,Exit long,2026-08-20 04:00,HAL-Lx,29588,4,237276,-576,-0.24,4,216,0.09,-574,-0.24,49531.5,165.11,106
508,Entry long,2026-08-20 02:14,HAL-L,29659.5,4,237276,-576,-0.24,4,216,0.09,-574,-0.24,49531.5,165.11,106
509,Exit short,2026-08-20 07:21,HAL-RSx,29451.75,4,236300,682,0.29,4,684,0.29,-366,-0.15,50213.5,167.38,187
509,Entry short,2026-08-20 04:14,HAL-RS,29537.5,4,236300,682,0.29,4,684,0.29,-366,-0.15,50213.5,167.38,187